trddt,opnprc,hiprc,loprc,clsprc,ret_pct,cum_ret_pct,dnshrtrd,turnover_value_yi
2020-01-02,7.58,7.74,7.55,7.73,,0.0,112483572,8.64
2020-01-03,7.75,7.87,7.72,7.78,0.6468,0.6468,82488564,6.42
2020-01-06,7.76,8.25,7.69,8.17,5.0129,5.6921,184304539,14.88
2020-01-07,8.19,8.26,8.11,8.21,0.4896,6.2096,104305869,8.55
2020-01-08,8.14,8.2,8.09,8.13,-0.9744,5.1746,72415665,5.9
2020-01-09,8.17,8.3,8.13,8.18,0.615,5.8215,91540131,7.51
2020-01-10,8.21,8.3,8.21,8.24,0.7335,6.5977,79818320,6.59
2020-01-13,8.24,8.24,8.01,8.2,-0.4854,6.0802,87756873,7.16
2020-01-14,8.24,8.26,8.06,8.1,-1.2195,4.7865,88706491,7.22
2020-01-15,8.1,8.15,8.05,8.11,0.1235,4.9159,49313220,4.0
2020-01-16,8.11,8.13,7.96,8.0,-1.3564,3.4929,61551760,4.93
2020-01-17,8.02,8.09,7.98,8.07,0.875,4.3984,41299207,3.32
2020-01-20,8.06,8.06,7.94,8.0,-0.8674,3.4929,61487369,4.91
2020-01-21,7.95,7.95,7.62,7.64,-4.5,-1.1643,124375995,9.59
2020-01-22,7.57,7.86,7.52,7.82,2.356,1.1643,99592147,7.65
2020-01-23,7.68,7.78,7.48,7.57,-3.1969,-2.0699,93722996,7.13
2020-02-03,7.08,7.9,7.05,7.7,1.7173,-0.3881,198836581,15.08
2020-02-04,7.8,8.47,7.8,8.43,9.4805,9.0556,221637039,18.2
2020-02-05,8.43,8.68,8.3,8.56,1.5421,10.7374,183196371,15.58
2020-02-06,8.65,9.07,8.52,8.94,4.4393,15.6533,216956148,19.36
2020-02-07,8.87,9.05,8.74,9.02,0.8949,16.6882,144391928,12.87
2020-02-10,8.97,9.65,8.95,9.39,4.102,21.4748,177608611,16.61
2020-02-11,9.5,9.58,9.02,9.14,-2.6624,18.2406,140537834,12.91
2020-02-12,9.14,9.22,8.94,9.09,-0.547,17.5938,108231909,9.8
2020-02-13,9.16,9.18,8.95,9.08,-0.11,17.4644,92930634,8.43
2020-02-14,9.05,9.05,8.85,8.9,-1.9824,15.1358,93982239,8.41
2020-02-17,8.99,9.12,8.92,9.1,2.2472,17.7232,101977852,9.22
2020-02-18,9.15,9.35,9.05,9.25,1.6484,19.6636,97166344,8.93
2020-02-19,9.19,9.32,9.13,9.17,-0.8649,18.6287,71821102,6.61
2020-02-20,9.14,9.25,9.03,9.16,-0.1091,18.4994,84092329,7.68
2020-02-21,9.14,9.14,8.93,9.04,-1.31,16.947,89626108,8.08
2020-02-24,9.0,9.02,8.72,8.74,-3.3186,13.066,118731003,10.44
2020-02-25,8.58,8.88,8.51,8.69,-0.5721,12.4191,96510101,8.4
2020-02-26,8.58,9.04,8.55,8.99,3.4522,16.3001,155650041,13.79
2020-02-27,9.08,9.17,8.88,8.96,-0.3337,15.912,91936231,8.27
2020-02-28,8.97,8.97,8.57,8.6,-4.0179,11.2549,91248993,7.96
2020-03-02,8.6,8.88,8.6,8.81,2.4419,13.9715,77018638,6.75
2020-03-03,8.96,9.1,8.85,9.08,3.0647,17.4644,101875191,9.17
2020-03-04,9.05,9.99,8.98,9.96,9.6916,28.8486,251540445,24.16
2020-03-05,9.78,10.15,9.77,9.92,-0.4016,28.3312,148497974,14.79
2020-03-06,9.81,10.34,9.76,9.89,-0.3024,27.9431,130835290,13.07
2020-03-09,9.71,10.12,9.65,9.79,-1.0111,26.6494,114862311,11.3
2020-03-10,9.79,10.05,9.52,9.95,1.6343,28.7193,114367045,11.25
2020-03-11,9.95,10.14,9.8,10.01,0.603,29.4955,84457916,8.45
2020-03-12,9.87,9.98,9.64,9.88,-1.2987,27.8137,93062743,9.13
2020-03-13,9.45,9.71,9.32,9.66,-2.2267,24.9677,104020919,9.91
2020-03-16,9.63,9.69,8.98,9.16,-5.176,18.4994,101590399,9.44
2020-03-17,9.17,9.31,8.78,9.11,-0.5459,17.8525,83582158,7.57
2020-03-18,9.16,9.48,9.0,9.01,-1.0977,16.5589,66738032,6.17
2020-03-19,9.26,9.59,9.15,9.5,5.4384,22.8978,131657688,12.36
2020-03-20,9.41,9.64,9.24,9.51,0.1053,23.0272,81247286,7.66
2020-03-23,9.18,9.42,9.09,9.31,-2.103,20.4398,57709853,5.35
2020-03-24,9.5,9.54,9.08,9.31,0.0,20.4398,57608032,5.36
2020-03-25,9.43,9.58,9.28,9.41,1.0741,21.7335,58980851,5.55
2020-03-26,9.39,9.83,9.29,9.72,3.2944,25.7439,70020512,6.76
2020-03-27,9.89,9.95,9.65,9.8,0.823,26.7788,83281611,8.18
2020-03-30,9.67,10.26,9.64,10.22,4.2857,32.2122,130893308,13.17
2020-03-31,10.14,10.36,10.03,10.24,0.1957,32.4709,73848959,7.52
2020-04-01,10.17,10.24,9.8,9.86,-3.7109,27.555,72174864,7.22
2020-04-02,9.84,9.84,9.62,9.8,-0.6085,26.7788,51129757,4.97
2020-04-03,9.77,10.14,9.77,10.03,2.3469,29.7542,63148803,6.33
2020-04-07,10.18,10.34,9.94,10.33,2.991,33.6352,82778748,8.41
2020-04-08,10.23,10.48,10.15,10.33,0.0,33.6352,60633509,6.24
2020-04-09,10.4,10.6,10.24,10.47,1.3553,35.4463,54576377,5.69
2020-04-10,10.45,10.69,10.2,10.31,-1.5282,33.3765,56448901,5.89
2020-04-13,10.21,10.44,10.14,10.35,0.388,33.8939,39347988,4.06
2020-04-14,10.4,10.66,10.33,10.66,2.9952,37.9043,60770523,6.39
2020-04-15,10.63,10.73,10.41,10.45,-1.97,35.1876,43990759,4.63
2020-04-16,10.4,10.49,10.2,10.47,0.1914,35.4463,48989510,5.08
2020-04-17,10.42,10.46,10.08,10.34,-1.2416,33.7646,63063342,6.47
2020-04-20,10.32,10.52,10.21,10.45,1.0638,35.1876,42585515,4.43
2020-04-21,10.49,10.58,10.34,10.45,0.0,35.1876,33955857,3.54
2020-04-22,10.4,10.83,10.35,10.78,3.1579,39.4567,50311666,5.36
2020-04-23,10.76,10.87,10.64,10.8,0.1855,39.7154,39504954,4.26
2020-04-24,10.78,10.78,10.56,10.65,-1.3889,37.7749,35550858,3.78
2020-04-27,10.7,11.06,10.66,10.86,1.9718,40.4916,49759205,5.42
2020-04-28,10.86,11.2,10.7,11.2,3.1308,44.89,64897696,7.14
2020-04-29,10.98,10.99,10.43,10.52,-6.0714,36.0931,131423352,13.97
2020-04-30,10.5,10.5,10.08,10.16,-3.4221,31.436,130462053,13.37
2020-05-06,10.09,10.2,9.94,10.17,0.0984,31.5653,71960069,7.25
2020-05-07,10.12,10.13,9.91,9.92,-2.4582,28.3312,74840071,7.49
2020-05-08,9.95,10.13,9.89,9.99,0.7056,29.2367,70272389,7.03
2020-05-11,9.99,10.06,9.79,9.93,-0.6006,28.4605,83401003,8.25
2020-05-12,9.93,10.2,9.83,10.15,2.2155,31.3066,86859041,8.76
2020-05-13,10.1,10.16,9.99,10.13,-0.197,31.0479,67840546,6.84
2020-05-14,10.09,10.09,9.87,9.88,-2.4679,27.8137,57069953,5.67
2020-05-15,9.89,9.94,9.39,9.61,-2.7328,24.3208,152367577,14.59
2020-05-18,9.64,9.83,9.55,9.76,1.5609,26.2613,74067901,7.21
2020-05-19,9.85,9.9,9.74,9.79,0.3074,26.6494,53890068,5.28
2020-05-20,9.83,9.83,9.35,9.38,-4.1879,21.3454,110471135,10.42
2020-05-21,9.38,9.42,9.15,9.16,-2.3454,18.4994,84755878,7.84
2020-05-22,9.13,9.33,9.04,9.08,-0.8734,17.4644,83462283,7.66
2020-05-25,9.13,9.22,9.01,9.12,0.4405,17.9819,44254271,4.03
2020-05-26,9.18,9.3,9.07,9.29,1.864,20.1811,67739739,6.24
2020-05-27,9.24,9.28,9.11,9.15,-1.507,18.37,47860668,4.39
2020-05-28,9.15,9.22,8.95,9.06,-0.9836,17.2057,52986604,4.8
2020-05-29,9.07,9.37,9.0,9.32,2.8698,20.5692,71859643,6.66
2020-06-01,9.35,9.44,9.25,9.35,0.3219,20.9573,78113628,7.28
2020-06-02,9.35,9.52,9.28,9.29,-0.6417,20.1811,74365302,6.97
2020-06-03,9.32,9.35,9.18,9.21,-0.8611,19.1462,61828903,5.71
2020-06-04,9.21,9.23,8.98,9.04,-1.8458,16.947,94668017,8.56
2020-06-05,9.05,9.15,8.98,9.1,0.6637,17.7232,56149236,5.07
2020-06-08,9.15,9.15,8.95,8.98,-1.3187,16.1708,59639662,5.36
2020-06-09,8.98,9.03,8.92,9.01,0.3341,16.5589,44674143,4.01
2020-06-10,9.01,9.1,8.95,8.96,-0.5549,15.912,43921621,3.95
2020-06-11,8.96,9.02,8.9,8.91,-0.558,15.2652,72379893,6.47
2020-06-12,8.78,9.12,8.73,9.11,2.2447,17.8525,84763270,7.64
2020-06-15,9.32,9.65,9.32,9.44,3.6224,22.1216,210669017,20.04
2020-06-16,9.5,9.59,9.34,9.44,0.0,22.1216,83274240,7.87
2020-06-17,9.46,9.6,9.4,9.6,1.6949,24.1915,60654236,5.76
2020-06-18,9.47,9.47,9.26,9.29,-3.2292,20.1811,60048373,5.61
2020-06-19,9.28,9.44,9.23,9.35,0.6459,20.9573,79146619,7.41
2020-06-22,9.43,9.45,9.26,9.34,-0.107,20.8279,50170314,4.68
2020-06-23,9.34,9.65,9.28,9.58,2.5696,23.9327,74350583,7.07
2020-06-24,9.59,9.65,9.4,9.42,-1.6701,21.8629,55758875,5.3
2020-06-29,9.38,9.49,9.22,9.43,0.1062,21.9922,54353310,5.08
2020-06-30,9.5,9.54,9.32,9.38,-0.5302,21.3454,54615174,5.15
2020-07-01,9.4,9.43,9.19,9.35,-0.3198,20.9573,56855989,5.28
2020-07-02,9.34,9.45,9.28,9.38,0.3209,21.3454,75835503,7.1
2020-07-03,9.35,9.58,9.31,9.41,0.3198,21.7335,121156421,11.43
2020-07-06,9.46,9.76,9.46,9.75,3.6132,26.132,168925529,16.34
2020-07-07,9.86,9.92,9.65,9.71,-0.4103,25.6145,190323971,18.56
2020-07-08,9.7,9.7,9.5,9.66,-0.5149,24.9677,142694949,13.69
2020-07-09,9.69,10.08,9.62,10.0,3.5197,29.3661,216948796,21.53
2020-07-10,9.93,10.24,9.71,10.01,0.1,29.4955,211665429,21.07
2020-07-13,9.98,10.3,9.9,10.19,1.7982,31.8241,174238798,17.68
2020-07-14,10.18,10.18,9.81,9.93,-2.5515,28.4605,140276089,14.01
2020-07-15,9.94,10.36,9.84,10.18,2.5176,31.6947,171658951,17.37
2020-07-16,10.1,10.14,9.5,9.51,-6.5815,23.0272,141639892,13.96
2020-07-17,9.53,9.73,9.4,9.53,0.2103,23.2859,87321995,8.34
2020-07-20,9.55,9.67,9.32,9.67,1.469,25.097,91141185,8.65
2020-07-21,9.68,9.79,9.58,9.76,0.9307,26.2613,76277538,7.39
2020-07-22,9.75,9.93,9.6,9.67,-0.9221,25.097,118104414,11.54
2020-07-23,9.61,9.88,9.56,9.76,0.9307,26.2613,86505265,8.42
2020-07-24,9.7,9.7,9.21,9.28,-4.918,20.0517,112476433,10.64
2020-07-27,9.24,9.31,9.01,9.04,-2.5862,16.947,88981888,8.1
2020-07-28,9.09,9.12,8.96,9.0,-0.4425,16.4295,88366639,7.97
2020-07-29,9.01,9.15,8.99,9.12,1.3333,17.9819,92135134,8.36
2020-07-30,9.12,9.14,9.0,9.02,-1.0965,16.6882,78645131,7.13
2020-07-31,9.05,9.09,8.92,8.99,-0.3326,16.3001,95597399,8.6
2020-08-03,9.02,9.29,9.0,9.25,2.8921,19.6636,122827405,11.26
2020-08-04,9.25,9.55,9.22,9.49,2.5946,22.7684,136139778,12.82
2020-08-05,9.48,9.49,9.28,9.36,-1.3699,21.0867,82319237,7.71
2020-08-06,9.38,9.41,9.16,9.33,-0.3205,20.6986,71270767,6.6
2020-08-07,9.3,9.3,9.04,9.1,-2.4652,17.7232,63183034,5.78
2020-08-10,9.06,9.21,9.0,9.12,0.2198,17.9819,67029669,6.11
2020-08-11,9.17,9.25,9.04,9.07,-0.5482,17.3351,56674623,5.19
2020-08-12,9.06,9.09,8.92,9.08,0.1103,17.4644,61720533,5.55
2020-08-13,9.09,9.14,9.04,9.07,-0.1101,17.3351,47179183,4.28
2020-08-14,9.05,9.14,8.94,9.12,0.5513,17.9819,63053200,5.7
2020-08-17,9.12,9.26,9.08,9.21,0.9868,19.1462,83210831,7.64
2020-08-18,9.18,9.19,9.01,9.06,-1.6287,17.2057,111961459,10.17
2020-08-19,9.06,9.09,9.0,9.0,-0.6623,16.4295,63602247,5.74
2020-08-20,8.95,8.98,8.85,8.88,-1.3333,14.8771,88513344,7.87
2020-08-21,8.9,8.93,8.85,8.91,0.3378,15.2652,43917682,3.9
2020-08-24,8.89,8.95,8.82,8.91,0.0,15.2652,48285530,4.28
2020-08-25,8.91,8.94,8.83,8.84,-0.7856,14.3596,44653339,3.96
2020-08-26,8.85,8.86,8.66,8.7,-1.5837,12.5485,56271678,4.92
2020-08-27,8.7,8.72,8.52,8.65,-0.5747,11.9017,53545354,4.61
2020-08-28,8.65,9.09,8.61,9.06,4.7399,17.2057,127795472,11.42
2020-08-31,9.09,9.2,8.88,8.88,-1.9868,14.8771,127642365,11.5
2020-09-01,8.85,8.87,8.67,8.76,-1.3514,13.3247,96587344,8.42
2020-09-02,8.83,9.18,8.81,9.16,4.5662,18.4994,192266745,17.42
2020-09-03,9.2,9.24,8.99,9.02,-1.5284,16.6882,116251382,10.58
2020-09-04,8.89,8.97,8.8,8.94,-0.8869,15.6533,69260917,6.17
2020-09-07,8.94,9.0,8.68,8.77,-1.9016,13.4541,87970563,7.77
2020-09-08,8.78,8.82,8.66,8.8,0.3421,13.8422,52614573,4.6
2020-09-09,8.7,8.74,8.53,8.58,-2.5,10.9961,77980936,6.73
2020-09-10,8.65,8.68,8.43,8.44,-1.6317,9.185,55794057,4.77
2020-09-11,8.4,8.52,8.37,8.49,0.5924,9.8318,41745121,3.53
2020-09-14,8.48,8.53,8.29,8.35,-1.649,8.0207,88419096,7.42
2020-09-15,8.34,8.39,8.29,8.35,0.0,8.0207,73398468,6.11
2020-09-16,8.36,8.44,8.27,8.31,-0.479,7.5032,55033769,4.59
2020-09-17,8.31,8.31,8.1,8.15,-1.9254,5.4334,59401569,4.86
2020-09-18,8.16,8.27,8.13,8.27,1.4724,6.9858,52543637,4.31
2020-09-21,8.32,8.35,8.18,8.22,-0.6046,6.3389,56112192,4.64
2020-09-22,8.16,8.3,8.13,8.27,0.6083,6.9858,51822763,4.26
2020-09-23,8.23,8.27,8.16,8.19,-0.9674,5.9508,42305206,3.47
2020-09-24,8.16,8.17,7.96,7.98,-2.5641,3.2342,71315327,5.73
2020-09-25,7.98,8.08,7.95,8.04,0.7519,4.0103,34750181,2.79
2020-09-28,8.04,8.08,7.86,7.88,-1.99,1.9405,55240654,4.39
2020-09-29,7.87,7.95,7.76,7.88,0.0,1.9405,47085867,3.7
2020-09-30,7.9,7.95,7.8,7.83,-0.6345,1.2937,48690464,3.83
2020-10-09,7.82,7.93,7.76,7.87,0.5109,1.8111,73331562,5.77
2020-10-12,7.9,8.17,7.89,8.16,3.6849,5.5627,94965521,7.65
2020-10-13,8.17,8.18,8.11,8.15,-0.1225,5.4334,40952209,3.33
2020-10-14,8.18,8.31,8.13,8.18,0.3681,5.8215,65173264,5.36
2020-10-15,8.18,8.18,8.06,8.1,-0.978,4.7865,42476634,3.44
2020-10-16,8.12,8.17,8.07,8.12,0.2469,5.0453,38711047,3.14
2020-10-19,8.14,8.28,8.14,8.18,0.7389,5.8215,43818435,3.59
2020-10-20,8.16,8.17,8.08,8.14,-0.489,5.304,35128756,2.85
2020-10-21,8.17,8.17,8.02,8.04,-1.2285,4.0103,40335781,3.26
2020-10-22,8.03,8.03,7.94,7.97,-0.8706,3.1048,34440054,2.75
2020-10-23,7.97,8.06,7.95,7.97,0.0,3.1048,30780106,2.46
2020-10-26,7.91,8.02,7.81,7.94,-0.3764,2.7167,35885167,2.85
2020-10-27,7.89,7.95,7.84,7.86,-1.0076,1.6818,29148333,2.3
2020-10-28,7.88,7.89,7.76,7.79,-0.8906,0.7762,38725276,3.02
2020-10-29,7.69,7.75,7.66,7.73,-0.7702,0.0,40102828,3.09
2020-10-30,7.74,7.89,7.68,7.81,1.0349,1.0349,65680590,5.13
2020-11-02,7.7,8.01,7.7,7.75,-0.7682,0.2587,73911104,5.77
2020-11-03,7.77,7.83,7.72,7.77,0.2581,0.5175,80812450,6.28
2020-11-04,7.81,7.83,7.72,7.78,0.1287,0.6468,59090131,4.59
2020-11-05,7.8,8.14,7.8,8.12,4.3702,5.0453,124019844,9.91
2020-11-06,8.13,8.16,8.01,8.07,-0.6158,4.3984,80903509,6.53
2020-11-09,8.15,8.16,8.04,8.1,0.3717,4.7865,90789704,7.34
2020-11-10,8.1,8.16,8.05,8.08,-0.2469,4.5278,68136358,5.51
2020-11-11,8.1,8.1,7.99,8.03,-0.6188,3.881,57684713,4.64
2020-11-12,8.04,8.05,7.98,8.05,0.2491,4.1397,31478764,2.52
2020-11-13,8.02,8.02,7.89,7.89,-1.9876,2.0699,53582067,4.25
2020-11-16,7.9,8.03,7.88,8.01,1.5209,3.6223,46237467,3.69
2020-11-17,8.04,8.14,8.01,8.05,0.4994,4.1397,64497268,5.2
2020-11-18,8.04,8.04,7.95,8.01,-0.4969,3.6223,49744258,3.97
2020-11-19,8.0,8.0,7.82,7.85,-1.9975,1.5524,87012039,6.85
2020-11-20,7.85,7.89,7.81,7.87,0.2548,1.8111,48687231,3.82
2020-11-23,7.85,7.92,7.82,7.84,-0.3812,1.423,60007985,4.72
2020-11-24,7.85,7.86,7.78,7.81,-0.3827,1.0349,57830262,4.52
2020-11-25,7.8,7.87,7.78,7.79,-0.2561,0.7762,48338741,3.78
2020-11-26,7.77,7.79,7.68,7.74,-0.6418,0.1294,65574038,5.06
2020-11-27,7.73,7.78,7.67,7.72,-0.2584,-0.1294,66995020,5.17
2020-11-30,7.72,7.92,7.67,7.82,1.2953,1.1643,97258528,7.57
2020-12-01,7.79,7.89,7.78,7.86,0.5115,1.6818,68233391,5.35
2020-12-02,7.87,7.93,7.8,7.88,0.2545,1.9405,72332735,5.69
2020-12-03,7.88,7.91,7.83,7.88,0.0,1.9405,53260434,4.19
2020-12-04,7.89,7.9,7.82,7.86,-0.2538,1.6818,50781720,3.99
2020-12-07,7.86,7.95,7.82,7.83,-0.3817,1.2937,54299763,4.27
2020-12-08,7.82,7.83,7.73,7.75,-1.0217,0.2587,63187420,4.91
2020-12-09,7.68,7.72,7.5,7.51,-3.0968,-2.8461,115806396,8.84
2020-12-10,7.47,7.47,7.22,7.26,-3.3289,-6.0802,124186827,9.1
2020-12-11,7.32,7.32,7.04,7.12,-1.9284,-7.8913,117471618,8.39
2020-12-14,7.32,7.62,7.31,7.44,4.4944,-3.7516,155289981,11.55
2020-12-15,7.35,7.37,7.26,7.27,-2.2849,-5.9508,75494843,5.51
2020-12-16,7.25,7.4,7.23,7.24,-0.4127,-6.3389,58875713,4.3
2020-12-17,7.25,7.32,7.12,7.32,1.105,-5.304,53964223,3.9
2020-12-18,7.28,7.36,7.26,7.27,-0.6831,-5.9508,39742138,2.9
2020-12-21,7.27,7.27,7.16,7.22,-0.6878,-6.5977,44293066,3.19
2020-12-22,7.2,7.2,7.07,7.1,-1.662,-8.1501,63741188,4.54
2020-12-23,7.1,7.14,7.05,7.07,-0.4225,-8.5382,63966870,4.52
2020-12-24,7.06,7.11,7.0,7.11,0.5658,-8.0207,68359968,4.81
2020-12-25,7.09,7.09,7.02,7.06,-0.7032,-8.6675,39861277,2.81
2020-12-28,7.05,7.12,6.98,7.04,-0.2833,-8.9263,52332919,3.69
2020-12-29,7.03,7.1,7.02,7.07,0.4261,-8.5382,50771114,3.58
2020-12-30,7.07,7.08,7.0,7.03,-0.5658,-9.0556,36933723,2.6
2020-12-31,7.01,7.24,7.01,7.18,2.1337,-7.1151,58229374,4.14
2021-01-04,7.2,7.2,7.05,7.09,-1.2535,-8.2794,76241052,5.41
2021-01-05,7.09,7.14,7.03,7.12,0.4231,-7.8913,73347858,5.18
2021-01-06,7.16,7.26,7.07,7.12,0.0,-7.8913,80683794,5.76
2021-01-07,7.11,7.11,7.0,7.04,-1.1236,-8.9263,71693604,5.06
2021-01-08,7.03,7.31,7.01,7.16,1.7045,-7.3739,116966999,8.38
2021-01-11,7.18,7.23,7.08,7.13,-0.419,-7.762,68705804,4.91
2021-01-12,7.12,7.28,7.1,7.22,1.2623,-6.5977,74322235,5.36
2021-01-13,7.23,7.49,7.15,7.46,3.3241,-3.4929,125037827,9.15
2021-01-14,7.41,7.55,7.34,7.42,-0.5362,-4.0103,90206651,6.72
2021-01-15,7.41,7.48,7.3,7.3,-1.6173,-5.5627,69508346,5.12
2021-01-18,7.3,7.32,7.2,7.22,-1.0959,-6.5977,72619216,5.25
2021-01-19,7.19,7.38,7.14,7.28,0.831,-5.8215,71194562,5.16
2021-01-20,7.29,7.29,7.18,7.21,-0.9615,-6.727,46793309,3.38
2021-01-21,7.28,7.3,7.21,7.22,0.1387,-6.5977,55507272,4.01
2021-01-22,7.24,7.24,7.08,7.1,-1.662,-8.1501,80792898,5.75
2021-01-25,7.06,7.07,7.0,7.0,-1.4085,-9.4437,89367706,6.27
2021-01-26,6.96,7.09,6.85,7.0,0.0,-9.4437,68999823,4.83
2021-01-27,6.98,7.09,6.95,7.0,0.0,-9.4437,50671987,3.56
2021-01-28,6.98,7.08,6.95,6.97,-0.4286,-9.8318,61315604,4.29
2021-01-29,6.99,6.99,6.78,6.82,-2.1521,-11.7723,86982182,5.97
2021-02-01,6.8,6.93,6.8,6.87,0.7331,-11.1255,35255232,2.42
2021-02-02,7.1,7.48,7.08,7.28,5.968,-5.8215,189383436,13.79
2021-02-03,7.28,7.31,7.17,7.28,0.0,-5.8215,82674174,5.99
2021-02-04,7.31,7.34,7.1,7.24,-0.5495,-6.3389,70351035,5.06
2021-02-05,7.22,7.23,7.13,7.14,-1.3812,-7.6326,52298782,3.75
2021-02-08,7.11,7.18,7.05,7.08,-0.8403,-8.4088,48900967,3.48
2021-02-09,7.09,7.13,7.0,7.11,0.4237,-8.0207,50217417,3.55
2021-02-10,7.14,7.34,7.1,7.25,1.9691,-6.2096,72905788,5.28
2021-02-18,7.33,7.62,7.24,7.53,3.8621,-2.5873,141769840,10.56
2021-02-19,7.5,7.73,7.44,7.64,1.4608,-1.1643,123602933,9.42
2021-02-22,7.63,7.73,7.56,7.61,-0.3927,-1.5524,114118103,8.72
2021-02-23,7.56,7.62,7.49,7.51,-1.3141,-2.8461,69732602,5.26
2021-02-24,7.53,7.62,7.35,7.44,-0.9321,-3.7516,68192383,5.09
2021-02-25,7.44,7.47,7.3,7.39,-0.672,-4.3984,70298902,5.18
2021-02-26,7.3,7.36,7.21,7.21,-2.4357,-6.727,73590071,5.35
2021-03-01,7.22,7.32,7.17,7.31,1.387,-5.4334,51859915,3.77
2021-03-02,7.35,7.41,7.25,7.31,0.0,-5.4334,50642005,3.71
2021-03-03,7.31,7.33,7.24,7.31,0.0,-5.4334,38707356,2.82
2021-03-04,7.27,7.28,7.15,7.17,-1.9152,-7.2445,48297047,3.48
2021-03-05,7.08,7.21,7.08,7.18,0.1395,-7.1151,35819841,2.57
2021-03-08,7.19,7.23,7.02,7.05,-1.8106,-8.7969,59058874,4.2
2021-03-09,7.04,7.09,6.91,6.97,-1.1348,-9.8318,66465693,4.64
2021-03-10,7.0,7.03,6.86,6.88,-1.2912,-10.9961,60441837,4.17
2021-03-11,6.88,6.94,6.86,6.94,0.8721,-10.2199,44384293,3.06
2021-03-12,6.93,6.93,6.84,6.93,-0.1441,-10.3493,38555665,2.66
2021-03-15,6.91,7.0,6.86,6.93,0.0,-10.3493,39557641,2.74
2021-03-16,6.94,7.04,6.93,7.03,1.443,-9.0556,40544752,2.84
2021-03-17,7.01,7.03,6.96,6.98,-0.7112,-9.7025,32569811,2.28
2021-03-18,6.96,6.98,6.92,6.93,-0.7163,-10.3493,29547015,2.05
2021-03-19,6.89,6.91,6.86,6.9,-0.4329,-10.7374,30087563,2.07
2021-03-22,6.91,6.93,6.88,6.92,0.2899,-10.4787,24704422,1.71
2021-03-23,6.94,6.95,6.88,6.9,-0.289,-10.7374,23103873,1.59
2021-03-24,6.87,6.9,6.82,6.82,-1.1594,-11.7723,36227323,2.48
2021-03-25,6.8,6.84,6.79,6.84,0.2933,-11.5136,24209455,1.65
2021-03-26,6.84,6.84,6.79,6.83,-0.1462,-11.6429,29304140,2.0
2021-03-29,6.81,6.82,6.78,6.81,-0.2928,-11.9017,29362030,2.0
2021-03-30,6.8,6.8,6.65,6.67,-2.0558,-13.7128,69445940,4.65
2021-03-31,6.7,6.93,6.7,6.8,1.949,-12.031,54534888,3.72
2021-04-01,6.84,6.85,6.76,6.79,-0.1471,-12.1604,21479811,1.46
2021-04-02,6.81,6.81,6.75,6.77,-0.2946,-12.4191,22455993,1.52
2021-04-06,6.78,6.82,6.77,6.79,0.2954,-12.1604,19495212,1.32
2021-04-07,6.79,6.81,6.73,6.76,-0.4418,-12.5485,28831503,1.95
2021-04-08,6.74,6.75,6.7,6.7,-0.8876,-13.3247,32625796,2.19
2021-04-09,6.7,6.76,6.66,6.74,0.597,-12.8072,29997067,2.01
2021-04-12,6.7,6.73,6.58,6.62,-1.7804,-14.3596,41601677,2.77
2021-04-13,6.61,6.61,6.34,6.42,-3.0211,-16.947,63442020,4.09
2021-04-14,6.37,6.62,6.37,6.57,2.3364,-15.0065,46468876,3.03
2021-04-15,6.54,6.56,6.41,6.43,-2.1309,-16.8176,29165529,1.88
2021-04-16,6.41,6.41,6.32,6.38,-0.7776,-17.4644,42777230,2.72
2021-04-19,6.37,6.37,6.25,6.29,-1.4107,-18.6287,79001577,4.97
2021-04-20,6.27,6.34,6.26,6.28,-0.159,-18.7581,41147506,2.59
2021-04-21,6.26,6.26,6.19,6.21,-1.1146,-19.6636,41127788,2.56
2021-04-22,6.17,6.26,6.06,6.23,0.3221,-19.4049,74209281,4.57
2021-04-23,6.19,6.2,6.11,6.16,-1.1236,-20.3105,40675914,2.5
2021-04-26,6.12,6.19,6.1,6.11,-0.8117,-20.9573,31963366,1.96
2021-04-27,6.11,6.13,6.0,6.04,-1.1457,-21.8629,42624352,2.58
2021-04-28,6.02,6.12,5.97,6.1,0.9934,-21.0867,32924674,2.0
2021-04-29,6.07,6.22,6.06,6.18,1.3115,-20.0517,37976554,2.34
2021-04-30,5.66,5.9,5.56,5.57,-9.8706,-27.9431,193140408,10.93
2021-05-06,5.53,5.53,5.21,5.33,-4.3088,-31.0479,156461582,8.28
2021-05-07,5.3,5.37,5.26,5.31,-0.3752,-31.3066,78493677,4.19
2021-05-10,5.3,5.37,5.25,5.36,0.9416,-30.6598,60943559,3.23
2021-05-11,5.33,5.52,5.3,5.48,2.2388,-29.1074,59539240,3.23
2021-05-12,5.48,5.51,5.42,5.47,-0.1825,-29.2367,35504351,1.94
2021-05-13,5.43,5.55,5.42,5.49,0.3656,-28.978,29786618,1.64
2021-05-14,5.48,5.57,5.47,5.55,1.0929,-28.2018,32424114,1.79
2021-05-17,5.54,5.58,5.47,5.48,-1.2613,-29.1074,41789266,2.3
2021-05-18,5.48,5.51,5.42,5.49,0.1825,-28.978,26359639,1.45
2021-05-19,5.48,5.51,5.43,5.47,-0.3643,-29.2367,22859405,1.25
2021-05-20,5.45,5.55,5.44,5.52,0.9141,-28.5899,37781714,2.08
2021-05-21,5.54,5.63,5.51,5.58,1.087,-27.8137,34412533,1.92
2021-05-24,5.65,5.67,5.54,5.6,0.3584,-27.555,33540305,1.87
2021-05-25,5.57,5.67,5.56,5.65,0.8929,-26.9082,38835236,2.19
2021-05-26,5.66,5.82,5.65,5.74,1.5929,-25.7439,38991324,2.24
2021-05-27,5.74,5.77,5.66,5.76,0.3484,-25.4851,33756634,1.93
2021-05-28,5.73,5.75,5.65,5.69,-1.2153,-26.3907,32599291,1.86
2021-05-31,5.66,5.72,5.62,5.72,0.5272,-26.0026,26668798,1.52
2021-06-01,5.76,5.76,5.69,5.72,0.0,-26.0026,20370415,1.17
2021-06-02,5.75,5.76,5.67,5.69,-0.5245,-26.3907,34937940,1.99
2021-06-03,5.69,5.71,5.58,5.58,-1.9332,-27.8137,33856300,1.91
2021-06-04,5.56,5.68,5.54,5.63,0.8961,-27.1669,22685686,1.28
2021-06-07,5.64,5.66,5.52,5.53,-1.7762,-28.4605,25190960,1.4
2021-06-08,5.53,5.54,5.4,5.42,-1.9892,-29.8836,32060638,1.75
2021-06-09,5.48,5.56,5.43,5.44,0.369,-29.6248,35319300,1.93
2021-06-10,5.4,5.44,5.38,5.4,-0.7353,-30.1423,24124406,1.3
2021-06-11,5.4,5.44,5.3,5.32,-1.4815,-31.1772,38458214,2.05
2021-06-15,5.31,5.31,5.17,5.17,-2.8195,-33.1177,43902151,2.29
2021-06-16,5.15,5.2,5.1,5.14,-0.5803,-33.5058,23778914,1.23
2021-06-17,5.17,5.17,5.0,5.02,-2.3346,-35.0582,48660569,2.46
2021-06-18,5.0,5.01,4.82,4.85,-3.3865,-37.2574,72569119,3.54
2021-06-21,4.81,4.9,4.79,4.86,0.2062,-37.1281,30322680,1.47
2021-06-22,4.86,4.93,4.81,4.83,-0.6173,-37.5162,42639789,2.07
2021-06-23,4.83,4.83,4.69,4.72,-2.2774,-38.9392,71314641,3.38
2021-06-24,4.72,4.83,4.66,4.79,1.4831,-38.0336,69391699,3.29
2021-06-25,4.77,4.81,4.72,4.8,0.2088,-37.9043,41694877,1.99
2021-06-28,4.8,4.81,4.76,4.78,-0.4167,-38.163,23161769,1.11
2021-06-29,4.78,4.79,4.7,4.72,-1.2552,-38.9392,27858167,1.32
2021-06-30,4.72,4.74,4.7,4.73,0.2119,-38.8098,19957835,0.94
2021-07-01,4.74,4.92,4.72,4.84,2.3256,-37.3868,59989204,2.91
2021-07-02,4.84,4.89,4.75,4.76,-1.6529,-38.4217,35388100,1.7
2021-07-05,4.77,4.82,4.72,4.73,-0.6303,-38.8098,26103611,1.24
2021-07-06,4.74,4.8,4.7,4.77,0.8457,-38.2924,30083002,1.43
2021-07-07,4.84,4.93,4.81,4.82,1.0482,-37.6455,39898431,1.94
2021-07-08,4.8,4.8,4.72,4.74,-1.6598,-38.6805,28224009,1.34
2021-07-09,4.71,4.73,4.68,4.69,-1.0549,-39.3273,26323665,1.23
2021-07-12,4.7,4.73,4.69,4.7,0.2132,-39.1979,21190403,1.0
2021-07-13,4.71,4.71,4.61,4.63,-1.4894,-40.1035,35564939,1.65
2021-07-14,4.61,4.62,4.48,4.49,-3.0238,-41.9146,57398999,2.6
2021-07-15,4.49,4.5,4.4,4.48,-0.2227,-42.044,42902005,1.91
2021-07-16,4.47,4.48,4.4,4.41,-1.5625,-42.9495,29035961,1.29
2021-07-19,4.39,4.39,4.26,4.3,-2.4943,-44.3726,46293775,1.99
2021-07-20,4.26,4.37,4.22,4.34,0.9302,-43.8551,34452907,1.49
2021-07-21,4.31,4.43,4.31,4.33,-0.2304,-43.9845,29543249,1.29
2021-07-22,4.31,4.36,4.26,4.3,-0.6928,-44.3726,27884703,1.2
2021-07-23,4.27,4.28,4.17,4.17,-3.0233,-46.0543,43169418,1.82
2021-07-26,4.15,4.15,4.01,4.02,-3.5971,-47.9948,62798829,2.55
2021-07-27,4.04,4.06,3.93,3.94,-1.99,-49.0298,51218742,2.05
2021-07-28,3.94,3.98,3.86,3.92,-0.5076,-49.2885,46085834,1.8
2021-07-29,3.93,4.06,3.93,3.98,1.5306,-48.5123,44535225,1.78
2021-07-30,3.94,4.07,3.9,4.04,1.5075,-47.7361,41619690,1.67
2021-08-02,4.04,4.14,3.98,4.12,1.9802,-46.7012,44822058,1.83
2021-08-03,4.11,4.17,4.09,4.13,0.2427,-46.5718,33083427,1.37
2021-08-04,4.12,4.14,4.09,4.1,-0.7264,-46.9599,23855271,0.98
2021-08-05,4.07,4.18,4.04,4.07,-0.7317,-47.348,37262083,1.52
2021-08-06,4.09,4.1,3.98,4.02,-1.2285,-47.9948,29876813,1.2
2021-08-09,4.01,4.25,4.0,4.18,3.9801,-45.925,60625472,2.52
2021-08-10,4.18,4.42,4.13,4.36,4.3062,-43.5964,88076668,3.79
2021-08-11,4.38,4.41,4.3,4.31,-1.1468,-44.2432,50804672,2.2
2021-08-12,4.31,4.34,4.22,4.22,-2.0882,-45.4075,34798888,1.48
2021-08-13,4.22,4.24,4.16,4.18,-0.9479,-45.925,26726546,1.12
2021-08-16,4.18,4.25,4.17,4.2,0.4785,-45.6662,20829205,0.88
2021-08-17,4.2,4.25,4.09,4.1,-2.381,-46.9599,35896657,1.5
2021-08-18,4.1,4.15,4.07,4.15,1.2195,-46.3131,26252060,1.08
2021-08-19,4.13,4.17,4.06,4.07,-1.9277,-47.348,28193112,1.15
2021-08-20,4.05,4.07,3.94,3.98,-2.2113,-48.5123,43872371,1.75
2021-08-23,3.99,4.06,3.98,4.04,1.5075,-47.7361,24150468,0.97
2021-08-24,4.03,4.05,4.0,4.01,-0.7426,-48.1242,22590623,0.91
2021-08-25,4.0,4.09,3.98,4.02,0.2494,-47.9948,27590294,1.12
2021-08-26,4.05,4.05,3.98,3.98,-0.995,-48.5123,27078133,1.08
2021-08-27,3.99,3.99,3.92,3.93,-1.2563,-49.1591,28591197,1.13
2021-08-30,3.83,3.85,3.71,3.77,-4.0712,-51.229,58738137,2.22
2021-08-31,3.77,3.82,3.76,3.81,1.061,-50.7115,30344304,1.15
2021-09-01,3.81,3.94,3.79,3.93,3.1496,-49.1591,45219559,1.76
2021-09-02,3.9,3.95,3.87,3.9,-0.7634,-49.5472,30647630,1.2
2021-09-03,3.9,4.04,3.89,3.99,2.3077,-48.3829,52713978,2.1
2021-09-06,4.0,4.05,3.99,4.01,0.5013,-48.1242,36153509,1.45
2021-09-07,4.01,4.03,3.97,4.02,0.2494,-47.9948,31844069,1.27
2021-09-08,4.01,4.07,4.0,4.05,0.7463,-47.6067,45514836,1.84
2021-09-09,4.07,4.22,4.05,4.12,1.7284,-46.7012,68317799,2.83
2021-09-10,4.11,4.19,4.09,4.14,0.4854,-46.4424,56974285,2.37
2021-09-13,4.12,4.13,4.06,4.08,-1.4493,-47.2186,44051326,1.8
2021-09-14,4.08,4.08,3.95,3.99,-2.2059,-48.3829,45714342,1.83
2021-09-15,4.0,4.0,3.93,3.95,-1.0025,-48.9004,28807229,1.14
2021-09-16,3.96,4.04,3.95,3.97,0.5063,-48.6417,41046696,1.64
2021-09-17,3.96,3.97,3.88,3.91,-1.5113,-49.4179,35616759,1.39
2021-09-22,3.87,3.91,3.86,3.89,-0.5115,-49.6766,23411650,0.91
2021-09-23,3.91,3.99,3.91,3.93,1.0283,-49.1591,28475760,1.12
2021-09-24,3.93,3.98,3.9,3.91,-0.5089,-49.4179,34764794,1.37
2021-09-27,3.9,4.03,3.86,3.99,2.046,-48.3829,57885441,2.29
2021-09-28,4.0,4.03,3.93,3.96,-0.7519,-48.771,29351642,1.16
2021-09-29,3.94,3.96,3.88,3.9,-1.5152,-49.5472,30939714,1.21
2021-09-30,3.91,3.94,3.9,3.92,0.5128,-49.2885,19596942,0.77
2021-10-08,3.93,4.09,3.93,4.09,4.3367,-47.0893,69211513,2.8
2021-10-11,4.1,4.16,4.07,4.1,0.2445,-46.9599,42021397,1.73
2021-10-12,4.09,4.15,4.06,4.11,0.2439,-46.8305,41026376,1.69
2021-10-13,4.1,4.12,4.02,4.06,-1.2165,-47.4774,27044413,1.1
2021-10-14,4.06,4.2,4.05,4.16,2.4631,-46.1837,47224014,1.96
2021-10-15,4.17,4.2,4.03,4.03,-3.125,-47.8655,55598031,2.28
2021-10-18,4.04,4.05,3.93,3.97,-1.4888,-48.6417,44440319,1.76
2021-10-19,3.97,4.0,3.95,3.99,0.5038,-48.3829,20314997,0.81
2021-10-20,3.99,3.99,3.93,3.97,-0.5013,-48.6417,24674945,0.98
2021-10-21,3.97,3.98,3.92,3.93,-1.0076,-49.1591,22468776,0.89
2021-10-22,3.95,4.06,3.93,4.0,1.7812,-48.2536,43889341,1.76
2021-10-25,4.02,4.03,3.95,3.97,-0.75,-48.6417,21383739,0.85
2021-10-26,3.96,4.0,3.94,3.94,-0.7557,-49.0298,19020662,0.75
2021-10-27,3.93,3.95,3.83,3.85,-2.2843,-50.194,33052610,1.28
2021-10-28,3.85,3.9,3.84,3.86,0.2597,-50.0647,17998379,0.69
2021-10-29,3.85,3.95,3.84,3.93,1.8135,-49.1591,24583753,0.96
2021-11-01,3.79,3.99,3.79,3.92,-0.2545,-49.2885,34382818,1.34
2021-11-02,3.95,4.03,3.92,3.98,1.5306,-48.5123,48283912,1.92
2021-11-03,4.0,4.13,3.98,4.09,2.7638,-47.0893,81583271,3.33
2021-11-04,4.12,4.26,4.07,4.17,1.956,-46.0543,103880576,4.34
2021-11-05,4.18,4.23,4.12,4.15,-0.4796,-46.3131,84255623,3.51
2021-11-08,4.16,4.18,4.04,4.05,-2.4096,-47.6067,46797660,1.91
2021-11-09,4.06,4.09,4.01,4.05,0.0,-47.6067,34438071,1.39
2021-11-10,4.05,4.05,3.97,4.01,-0.9877,-48.1242,30504855,1.22
2021-11-11,4.0,4.37,3.99,4.2,4.7382,-45.6662,123033586,5.19
2021-11-12,4.2,4.2,4.11,4.12,-1.9048,-46.7012,45187205,1.87
2021-11-15,4.14,4.16,4.09,4.12,0.0,-46.7012,30794503,1.27
2021-11-16,4.13,4.24,4.12,4.16,0.9709,-46.1837,51591796,2.16
2021-11-17,4.17,4.18,4.09,4.09,-1.6827,-47.0893,38486842,1.58
2021-11-18,4.1,4.13,4.03,4.03,-1.467,-47.8655,34255329,1.39
2021-11-19,4.03,4.07,4.03,4.06,0.7444,-47.4774,21255419,0.86
2021-11-22,4.06,4.08,4.0,4.01,-1.2315,-48.1242,36610134,1.47
2021-11-23,4.01,4.04,3.99,4.01,0.0,-48.1242,31903622,1.28
2021-11-24,4.01,4.02,3.96,3.97,-0.9975,-48.6417,33943196,1.35
2021-11-25,3.97,4.0,3.95,3.95,-0.5038,-48.9004,34502000,1.37
2021-11-26,3.95,3.96,3.9,3.9,-1.2658,-49.5472,34188223,1.34
2021-11-29,3.87,3.93,3.86,3.88,-0.5128,-49.806,31553312,1.23
2021-11-30,3.88,3.92,3.88,3.88,0.0,-49.806,30000394,1.17
2021-12-01,3.89,3.92,3.88,3.92,1.0309,-49.2885,24605334,0.96
2021-12-02,3.92,3.95,3.9,3.9,-0.5102,-49.5472,26119246,1.02
2021-12-03,3.9,3.92,3.88,3.9,0.0,-49.5472,21383133,0.83
2021-12-06,3.91,3.92,3.86,3.89,-0.2564,-49.6766,34228442,1.33
2021-12-07,3.89,3.91,3.87,3.91,0.5141,-49.4179,25827769,1.01
2021-12-08,3.91,3.91,3.86,3.89,-0.5115,-49.6766,41749041,1.62
2021-12-09,3.89,3.97,3.88,3.95,1.5424,-48.9004,51590476,2.03
2021-12-10,3.95,3.96,3.9,3.96,0.2532,-48.771,54357275,2.13
2021-12-13,3.94,3.98,3.93,3.94,-0.5051,-49.0298,36349273,1.44
2021-12-14,3.93,3.94,3.9,3.92,-0.5076,-49.2885,28297899,1.11
2021-12-15,3.91,3.92,3.89,3.9,-0.5102,-49.5472,22416404,0.88
2021-12-16,3.9,3.91,3.88,3.91,0.2564,-49.4179,23226295,0.91
2021-12-17,3.91,3.91,3.88,3.89,-0.5115,-49.6766,26652935,1.04
2021-12-20,3.88,3.9,3.86,3.88,-0.2571,-49.806,25138724,0.98
2021-12-21,3.88,3.96,3.87,3.95,1.8041,-48.9004,44297203,1.74
2021-12-22,3.96,3.98,3.93,3.95,0.0,-48.9004,29351231,1.16
2021-12-23,3.95,3.95,3.91,3.92,-0.7595,-49.2885,23200592,0.91
2021-12-24,3.92,4.19,3.9,4.05,3.3163,-47.6067,118751923,4.79
2021-12-27,4.03,4.07,3.98,4.06,0.2469,-47.4774,73601219,2.96
2021-12-28,4.05,4.06,4.01,4.03,-0.7389,-47.8655,39613618,1.6
2021-12-29,4.03,4.04,3.97,3.97,-1.4888,-48.6417,34816765,1.39
2021-12-30,3.97,4.03,3.96,4.01,1.0076,-48.1242,50327912,2.01
2021-12-31,4.0,4.07,3.99,4.05,0.9975,-47.6067,50626899,2.04
2022-01-04,4.06,4.23,4.04,4.17,2.963,-46.0543,129001858,5.35
2022-01-05,4.16,4.3,4.14,4.29,2.8777,-44.5019,154223312,6.55
2022-01-06,4.26,4.34,4.22,4.29,0.0,-44.5019,107477483,4.6
2022-01-07,4.29,4.32,4.23,4.25,-0.9324,-45.0194,66065104,2.82
2022-01-10,4.23,4.29,4.2,4.26,0.2353,-44.89,57417985,2.44
2022-01-11,4.27,4.42,4.24,4.28,0.4695,-44.6313,106129778,4.58
2022-01-12,4.28,4.32,4.24,4.3,0.4673,-44.3726,49803797,2.13
2022-01-13,4.31,4.5,4.31,4.45,3.4884,-42.4321,132327986,5.88
2022-01-14,4.47,4.5,4.33,4.35,-2.2472,-43.7257,107782324,4.72
2022-01-17,4.33,4.38,4.25,4.27,-1.8391,-44.7607,58691693,2.52
2022-01-18,4.25,4.28,4.18,4.27,0.0,-44.7607,66944123,2.83
2022-01-19,4.25,4.3,4.22,4.24,-0.7026,-45.1488,36015932,1.53
2022-01-20,4.25,4.3,4.23,4.26,0.4717,-44.89,44492157,1.9
2022-01-21,4.25,4.26,4.12,4.15,-2.5822,-46.3131,56304602,2.35
2022-01-24,4.15,4.16,4.07,4.08,-1.6867,-47.2186,40060551,1.64
2022-01-25,4.07,4.09,3.96,3.96,-2.9412,-48.771,56192105,2.25
2022-01-26,3.96,4.0,3.93,3.98,0.5051,-48.5123,41548682,1.65
2022-01-27,3.98,3.99,3.83,3.84,-3.5176,-50.3234,60964588,2.37
2022-01-28,3.86,3.93,3.85,3.88,1.0417,-49.806,44933171,1.75
2022-02-07,3.79,3.89,3.76,3.81,-1.8041,-50.7115,58828347,2.25
2022-02-08,3.81,3.9,3.8,3.9,2.3622,-49.5472,44245484,1.71
2022-02-09,3.9,3.94,3.87,3.91,0.2564,-49.4179,38650219,1.51
2022-02-10,3.91,3.94,3.88,3.91,0.0,-49.4179,33507334,1.31
2022-02-11,3.89,3.91,3.83,3.85,-1.5345,-50.194,42896098,1.66
2022-02-14,3.83,3.87,3.81,3.86,0.2597,-50.0647,39600140,1.52
2022-02-15,3.86,3.86,3.81,3.83,-0.7772,-50.4528,28433488,1.09
2022-02-16,3.85,3.86,3.83,3.86,0.7833,-50.0647,23866790,0.92
2022-02-17,3.86,3.86,3.81,3.83,-0.7772,-50.4528,30225994,1.16
2022-02-18,3.81,3.85,3.8,3.84,0.2611,-50.3234,22011025,0.84
2022-02-21,3.85,3.9,3.83,3.9,1.5625,-49.5472,30080657,1.16
2022-02-22,3.88,3.88,3.83,3.85,-1.2821,-50.194,21342969,0.82
2022-02-23,3.86,3.88,3.84,3.86,0.2597,-50.0647,28888840,1.12
2022-02-24,3.84,3.86,3.72,3.78,-2.0725,-51.0996,60758653,2.31
2022-02-25,3.78,3.82,3.71,3.74,-1.0582,-51.6171,57972944,2.18
2022-02-28,3.72,3.74,3.63,3.65,-2.4064,-52.7814,51753722,1.9
2022-03-01,3.65,3.7,3.65,3.68,0.8219,-52.3933,29017020,1.07
2022-03-02,3.66,3.69,3.64,3.68,0.0,-52.3933,20644176,0.76
2022-03-03,3.68,3.71,3.64,3.66,-0.5435,-52.652,43561747,1.6
2022-03-04,3.65,3.65,3.56,3.58,-2.1858,-53.6869,54388322,1.96
2022-03-07,3.55,3.55,3.46,3.48,-2.7933,-54.9806,55790745,1.95
2022-03-08,3.47,3.47,3.32,3.33,-4.3103,-56.9211,63802573,2.16
2022-03-09,3.47,3.66,3.46,3.66,9.9099,-52.652,168850925,6.11
2022-03-10,3.79,3.8,3.59,3.64,-0.5464,-52.9107,182384243,6.72
2022-03-11,3.59,3.9,3.49,3.86,6.044,-50.0647,199804635,7.55
2022-03-14,3.83,4.25,3.82,4.25,10.1036,-45.0194,331006326,13.55
2022-03-15,4.36,4.46,4.11,4.15,-2.3529,-46.3131,312907839,13.48
2022-03-16,4.21,4.28,4.01,4.22,1.6867,-45.4075,224131546,9.29
2022-03-17,4.14,4.55,4.05,4.27,1.1848,-44.7607,267047681,11.29
2022-03-18,4.16,4.24,4.1,4.11,-3.7471,-46.8305,129565883,5.37
2022-03-21,4.15,4.28,4.09,4.26,3.6496,-44.89,148954057,6.25
2022-03-22,4.25,4.25,4.12,4.14,-2.8169,-46.4424,96016494,4.0
2022-03-23,4.15,4.2,4.06,4.07,-1.6908,-47.348,81552001,3.35
2022-03-24,4.04,4.1,4.0,4.0,-1.7199,-48.2536,68308320,2.76
2022-03-25,4.0,4.13,3.98,4.05,1.25,-47.6067,80314259,3.27
2022-03-28,4.14,4.26,4.07,4.18,3.2099,-45.925,111660011,4.66
2022-03-29,4.13,4.23,4.08,4.11,-1.6746,-46.8305,71122876,2.94
2022-03-30,4.1,4.17,4.04,4.11,0.0,-46.8305,65195744,2.68
2022-03-31,4.08,4.3,4.08,4.22,2.6764,-45.4075,112435096,4.73
2022-04-01,4.22,4.23,4.14,4.19,-0.7109,-45.7956,63265552,2.64
2022-04-06,4.25,4.4,4.22,4.25,1.432,-45.0194,141873008,6.1
2022-04-07,4.3,4.45,4.3,4.37,2.8235,-43.467,162153619,7.09
2022-04-08,4.41,4.45,4.25,4.34,-0.6865,-43.8551,100513347,4.33
2022-04-11,4.44,4.77,4.39,4.63,6.682,-40.1035,252629742,11.57
2022-04-12,4.51,5.09,4.47,5.09,9.9352,-34.1527,271276890,12.95
2022-04-13,5.09,5.22,4.72,4.75,-6.6798,-38.5511,285272728,14.16
2022-04-14,4.73,4.85,4.54,4.67,-1.6842,-39.586,231341101,10.73
2022-04-15,4.59,4.75,4.39,4.43,-5.1392,-42.6908,206784973,9.45
2022-04-18,4.37,4.59,4.35,4.5,1.5801,-41.7853,143118260,6.46
2022-04-19,4.48,4.51,4.41,4.47,-0.6667,-42.1734,92147359,4.1
2022-04-20,4.47,4.56,4.37,4.42,-1.1186,-42.8202,129515343,5.78
2022-04-21,4.37,4.39,4.15,4.17,-5.6561,-46.0543,152089014,6.44
2022-04-22,4.14,4.26,4.12,4.18,0.2398,-45.925,95287634,4.0
2022-04-25,4.2,4.47,4.12,4.27,2.1531,-44.7607,230010427,9.96
2022-04-26,4.34,4.44,4.11,4.13,-3.2787,-46.5718,170679447,7.3
2022-04-27,4.01,4.19,3.72,4.18,1.2107,-45.925,155295979,6.16
2022-04-28,4.19,4.28,3.96,4.03,-3.5885,-47.8655,116841679,4.78
2022-04-29,4.03,4.43,4.01,4.43,9.9256,-42.6908,206219754,8.87
2022-05-05,4.55,4.87,4.45,4.72,6.5463,-38.9392,272068952,12.67
2022-05-06,4.57,4.78,4.49,4.67,-1.0593,-39.586,177906387,8.24
2022-05-09,4.58,4.84,4.55,4.76,1.9272,-38.4217,173949477,8.28
2022-05-10,4.73,4.84,4.68,4.74,-0.4202,-38.6805,172528713,8.19
2022-05-11,4.66,4.83,4.66,4.76,0.4219,-38.4217,186452645,8.83
2022-05-12,4.73,4.87,4.66,4.79,0.6303,-38.0336,142689280,6.83
2022-05-13,4.82,5.01,4.72,4.81,0.4175,-37.7749,149694491,7.24
2022-05-16,4.81,4.83,4.68,4.81,0.0,-37.7749,105240357,5.01
2022-05-17,4.77,4.78,4.63,4.65,-3.3264,-39.8448,94183193,4.41
2022-05-18,4.61,4.82,4.6,4.71,1.2903,-39.0686,106282364,5.04
2022-05-19,4.62,4.78,4.6,4.75,0.8493,-38.5511,79879639,3.75
2022-05-20,4.75,4.83,4.63,4.67,-1.6842,-39.586,95304197,4.49
2022-05-23,4.68,4.71,4.6,4.69,0.4283,-39.3273,63229025,2.95
2022-05-24,4.68,4.73,4.45,4.48,-4.4776,-42.044,107186238,4.89
2022-05-25,4.47,4.56,4.45,4.47,-0.2232,-42.1734,72005079,3.24
2022-05-26,4.5,4.57,4.36,4.51,0.8949,-41.6559,88210521,3.95
2022-05-27,4.47,4.51,4.33,4.39,-2.6608,-43.2083,112440946,4.96
2022-05-30,4.39,4.44,4.31,4.34,-1.139,-43.8551,65440025,2.86
2022-05-31,4.37,4.43,4.3,4.39,1.1521,-43.2083,81831834,3.58
2022-06-01,4.41,4.42,4.31,4.35,-0.9112,-43.7257,71371631,3.12
2022-06-02,4.34,4.35,4.23,4.25,-2.2989,-45.0194,87282548,3.73
2022-06-06,4.23,4.32,4.18,4.31,1.4118,-44.2432,69323985,2.96
2022-06-07,4.3,4.41,4.28,4.4,2.0882,-43.0789,96542705,4.21
2022-06-08,4.38,4.39,4.26,4.38,-0.4545,-43.3376,77573892,3.36
2022-06-09,4.35,4.37,4.22,4.25,-2.968,-45.0194,89719367,3.84
2022-06-10,4.21,4.3,4.19,4.21,-0.9412,-45.5369,173752553,7.35
2022-06-13,4.12,4.2,4.12,4.14,-1.6627,-46.4424,85988750,3.57
2022-06-14,4.1,4.15,4.01,4.12,-0.4831,-46.7012,82245632,3.36
2022-06-15,4.1,4.24,4.09,4.17,1.2136,-46.0543,80231244,3.36
2022-06-16,4.16,4.23,4.14,4.21,0.9592,-45.5369,76781630,3.22
2022-06-17,4.16,4.18,4.11,4.13,-1.9002,-46.5718,71622282,2.96
2022-06-20,4.14,4.21,4.12,4.14,0.2421,-46.4424,68567946,2.86
2022-06-21,4.15,4.16,4.08,4.09,-1.2077,-47.0893,52426275,2.15
2022-06-22,4.1,4.11,4.03,4.03,-1.467,-47.8655,58962329,2.39
2022-06-23,4.02,4.06,4.0,4.05,0.4963,-47.6067,41254800,1.66
2022-06-24,4.05,4.07,4.02,4.06,0.2469,-47.4774,45283578,1.83
2022-06-27,4.08,4.27,4.07,4.25,4.6798,-45.0194,119203156,5.0
2022-06-28,4.27,4.29,4.2,4.24,-0.2353,-45.1488,91011412,3.86
2022-06-29,4.23,4.24,4.16,4.16,-1.8868,-46.1837,72014295,3.02
2022-06-30,4.21,4.3,4.19,4.28,2.8846,-44.6313,86151939,3.67
2022-07-01,4.25,4.27,4.17,4.19,-2.1028,-45.7956,66265063,2.78
2022-07-04,4.2,4.21,4.15,4.17,-0.4773,-46.0543,61091071,2.55
2022-07-05,4.16,4.18,4.06,4.14,-0.7194,-46.4424,71834200,2.96
2022-07-06,4.13,4.18,4.05,4.06,-1.9324,-47.4774,56941697,2.33
2022-07-07,4.07,4.25,4.05,4.2,3.4483,-45.6662,91317570,3.82
2022-07-08,4.2,4.21,4.12,4.16,-0.9524,-46.1837,48123354,2.0
2022-07-11,4.16,4.26,4.13,4.26,2.4038,-44.89,79066474,3.33
2022-07-12,4.21,4.34,4.18,4.27,0.2347,-44.7607,83023366,3.55
2022-07-13,4.25,4.27,4.15,4.18,-2.1077,-45.925,57022087,2.38
2022-07-14,4.15,4.16,4.05,4.07,-2.6316,-47.348,69308696,2.83
2022-07-15,4.0,4.0,3.66,3.66,-10.0737,-52.652,246361046,9.19
2022-07-18,3.61,3.71,3.57,3.69,0.8197,-52.2639,91973912,3.37
2022-07-19,3.67,3.69,3.62,3.68,-0.271,-52.3933,69525978,2.54
2022-07-20,3.67,3.73,3.64,3.67,-0.2717,-52.5226,74061987,2.72
2022-07-21,3.65,3.71,3.64,3.67,0.0,-52.5226,54816383,2.02
2022-07-22,3.67,3.67,3.6,3.63,-1.0899,-53.0401,48765824,1.77
2022-07-25,3.63,3.63,3.56,3.59,-1.1019,-53.5576,76379875,2.74
2022-07-26,3.58,3.6,3.51,3.6,0.2786,-53.4282,76086316,2.7
2022-07-27,3.58,3.62,3.54,3.56,-1.1111,-53.9457,47811348,1.7
2022-07-28,3.56,3.58,3.53,3.54,-0.5618,-54.2044,46549802,1.66
2022-07-29,3.55,3.56,3.46,3.47,-1.9774,-55.11,73254513,2.56
2022-08-01,3.47,3.48,3.41,3.47,0.0,-55.11,61172893,2.11
2022-08-02,3.45,3.46,3.33,3.4,-2.0173,-56.0155,65457723,2.22
2022-08-03,3.38,3.44,3.33,3.34,-1.7647,-56.7917,56477530,1.9
2022-08-04,3.35,3.37,3.31,3.37,0.8982,-56.4036,49800281,1.66
2022-08-05,3.36,3.46,3.35,3.44,2.0772,-55.4981,58107363,1.98
2022-08-08,3.46,3.48,3.42,3.47,0.8721,-55.11,42759536,1.48
2022-08-09,3.61,3.68,3.53,3.56,2.5937,-53.9457,134341400,4.82
2022-08-10,3.5,3.51,3.46,3.47,-2.5281,-55.11,71050380,2.47
2022-08-11,3.46,3.49,3.46,3.49,0.5764,-54.8512,47464341,1.65
2022-08-12,3.47,3.49,3.46,3.48,-0.2865,-54.9806,33842857,1.18
2022-08-15,3.47,3.48,3.43,3.45,-0.8621,-55.3687,39582279,1.36
2022-08-16,3.44,3.45,3.42,3.44,-0.2899,-55.4981,30861269,1.06
2022-08-17,3.44,3.48,3.43,3.47,0.8721,-55.11,35705382,1.24
2022-08-18,3.46,3.47,3.41,3.42,-1.4409,-55.7568,37782949,1.3
2022-08-19,3.43,3.45,3.42,3.42,0.0,-55.7568,31558749,1.08
2022-08-22,3.44,3.45,3.41,3.44,0.5848,-55.4981,26764874,0.92
2022-08-23,3.43,3.45,3.42,3.45,0.2907,-55.3687,28703410,0.99
2022-08-24,3.44,3.45,3.39,3.39,-1.7391,-56.1449,38947875,1.33
2022-08-25,3.4,3.43,3.34,3.43,1.1799,-55.6274,45138822,1.53
2022-08-26,3.43,3.46,3.41,3.45,0.5831,-55.3687,38085061,1.31
2022-08-29,3.42,3.44,3.4,3.43,-0.5797,-55.6274,35294335,1.21
2022-08-30,3.41,3.49,3.41,3.48,1.4577,-54.9806,55651608,1.93
2022-08-31,3.47,3.48,3.41,3.41,-2.0115,-55.8862,46083920,1.59
2022-09-01,3.42,3.57,3.39,3.53,3.5191,-54.3338,114166229,3.99
2022-09-02,3.5,3.53,3.44,3.46,-1.983,-55.2393,68653926,2.38
2022-09-05,3.45,3.45,3.4,3.42,-1.1561,-55.7568,51815462,1.77
2022-09-06,3.41,3.43,3.4,3.43,0.2924,-55.6274,35333943,1.21
2022-09-07,3.41,3.42,3.38,3.39,-1.1662,-56.1449,44795900,1.52
2022-09-08,3.39,3.44,3.37,3.4,0.295,-56.0155,44852680,1.53
2022-09-09,3.4,3.41,3.38,3.4,0.0,-56.0155,27325800,0.93
2022-09-13,3.41,3.45,3.39,3.42,0.5882,-55.7568,59077345,2.02
2022-09-14,3.39,3.48,3.37,3.46,1.1696,-55.2393,92429375,3.17
2022-09-15,3.45,3.49,3.41,3.43,-0.8671,-55.6274,73210043,2.53
2022-09-16,3.43,3.44,3.36,3.36,-2.0408,-56.533,59781977,2.02
2022-09-19,3.36,3.37,3.31,3.34,-0.5952,-56.7917,35644546,1.19
2022-09-20,3.34,3.41,3.34,3.37,0.8982,-56.4036,33055661,1.11
2022-09-21,3.36,3.39,3.32,3.38,0.2967,-56.2743,30763334,1.03
2022-09-22,3.35,3.37,3.33,3.33,-1.4793,-56.9211,28247106,0.95
2022-09-23,3.33,3.37,3.31,3.32,-0.3003,-57.0505,30750249,1.03
2022-09-26,3.3,3.31,3.17,3.17,-4.5181,-58.9909,61142618,1.97
2022-09-27,3.16,3.22,3.14,3.22,1.5773,-58.3441,37548407,1.2
2022-09-28,3.2,3.25,3.19,3.21,-0.3106,-58.4735,37818939,1.22
2022-09-29,3.23,3.27,3.14,3.14,-2.1807,-59.379,36763807,1.17
2022-09-30,3.15,3.16,3.1,3.13,-0.3185,-59.5084,28028000,0.88
2022-10-10,3.12,3.14,3.03,3.05,-2.5559,-60.5433,40512356,1.25
2022-10-11,3.05,3.08,3.0,3.07,0.6557,-60.2846,35513975,1.08
2022-10-12,3.07,3.13,3.06,3.12,1.6287,-59.6378,26841536,0.83
2022-10-13,3.11,3.13,3.09,3.1,-0.641,-59.8965,21966000,0.68
2022-10-14,3.12,3.18,3.11,3.17,2.2581,-58.9909,28471648,0.9
2022-10-17,3.16,3.19,3.14,3.18,0.3155,-58.8616,22547251,0.71
2022-10-18,3.2,3.21,3.15,3.15,-0.9434,-59.2497,23338923,0.74
2022-10-19,3.15,3.15,3.1,3.11,-1.2698,-59.7671,20730962,0.65
2022-10-20,3.1,3.12,3.08,3.09,-0.6431,-60.0259,22072704,0.68
2022-10-21,3.09,3.12,3.08,3.08,-0.3236,-60.1552,17648997,0.55
2022-10-24,3.09,3.11,3.0,3.03,-1.6234,-60.8021,39242173,1.19
2022-10-25,3.02,3.03,2.96,3.0,-0.9901,-61.1902,28536220,0.85
2022-10-26,2.99,3.03,2.98,3.01,0.3333,-61.0608,23114178,0.7
2022-10-27,3.01,3.05,3.0,3.03,0.6645,-60.8021,25807940,0.78
2022-10-28,3.02,3.03,2.95,2.95,-2.6403,-61.837,34888500,1.04
2022-10-31,2.89,3.02,2.85,2.98,1.0169,-61.4489,51045707,1.51
2022-11-01,2.98,3.04,2.96,3.03,1.6779,-60.8021,46351348,1.39
2022-11-02,3.03,3.14,3.01,3.11,2.6403,-59.7671,54470182,1.68
2022-11-03,3.1,3.11,3.07,3.09,-0.6431,-60.0259,22039070,0.68
2022-11-04,3.08,3.17,3.07,3.13,1.2945,-59.5084,38915497,1.22
2022-11-07,3.12,3.15,3.1,3.14,0.3195,-59.379,33728563,1.06
2022-11-08,3.14,3.15,3.1,3.12,-0.6369,-59.6378,19050562,0.59
2022-11-09,3.13,3.15,3.11,3.13,0.3205,-59.5084,18631452,0.58
2022-11-10,3.11,3.2,3.1,3.16,0.9585,-59.1203,37724862,1.19
2022-11-11,3.23,3.23,3.16,3.17,0.3165,-58.9909,45757445,1.46
2022-11-14,3.19,3.2,3.16,3.18,0.3155,-58.8616,36372911,1.16
2022-11-15,3.19,3.2,3.14,3.18,0.0,-58.8616,51826011,1.65
2022-11-16,3.18,3.3,3.17,3.23,1.5723,-58.2147,83899013,2.71
2022-11-17,3.23,3.27,3.21,3.23,0.0,-58.2147,32937558,1.06
2022-11-18,3.23,3.26,3.22,3.22,-0.3096,-58.3441,30025187,0.97
2022-11-21,3.21,3.21,3.14,3.16,-1.8634,-59.1203,36069795,1.14
2022-11-22,3.17,3.18,3.14,3.15,-0.3165,-59.2497,22562809,0.71
2022-11-23,3.14,3.15,3.11,3.13,-0.6349,-59.5084,26560164,0.83
2022-11-24,3.12,3.14,3.09,3.1,-0.9585,-59.8965,24093794,0.75
2022-11-25,3.1,3.2,3.1,3.19,2.9032,-58.7322,40795805,1.29
2022-11-28,3.15,3.17,3.11,3.16,-0.9404,-59.1203,37748902,1.19
2022-11-29,3.17,3.26,3.16,3.25,2.8481,-57.956,64423092,2.08
2022-11-30,3.26,3.28,3.24,3.26,0.3077,-57.8266,40461667,1.32
2022-12-01,3.32,3.35,3.29,3.3,1.227,-57.3092,63307912,2.1
2022-12-02,3.3,3.38,3.29,3.31,0.303,-57.1798,52182068,1.74
2022-12-05,3.35,3.37,3.33,3.36,1.5106,-56.533,50626643,1.7
2022-12-06,3.37,3.7,3.36,3.7,10.119,-52.1345,195485875,7.05
2022-12-07,3.91,4.05,3.81,3.85,4.0541,-50.194,485923296,18.92
2022-12-08,3.74,4.05,3.7,3.87,0.5195,-49.9353,319499118,12.44
2022-12-09,3.78,3.8,3.66,3.72,-3.876,-51.8758,211093798,7.85
2022-12-12,3.73,3.76,3.6,3.62,-2.6882,-53.1695,142380002,5.21
2022-12-13,3.59,3.72,3.59,3.64,0.5525,-52.9107,122325877,4.48
2022-12-14,3.6,3.72,3.57,3.69,1.3736,-52.2639,119182218,4.37
2022-12-15,3.73,3.78,3.61,3.64,-1.355,-52.9107,106134067,3.91
2022-12-16,3.6,3.67,3.57,3.67,0.8242,-52.5226,78756620,2.85
2022-12-19,3.65,3.66,3.52,3.55,-3.2698,-54.075,82736467,2.95
2022-12-20,3.52,3.54,3.48,3.49,-1.6901,-54.8512,57759798,2.02
2022-12-21,3.48,3.58,3.48,3.55,1.7192,-54.075,69881685,2.48
2022-12-22,3.55,3.69,3.52,3.58,0.8451,-53.6869,97979218,3.53
2022-12-23,3.54,3.59,3.49,3.54,-1.1173,-54.2044,61374391,2.18
2022-12-26,3.55,3.58,3.49,3.54,0.0,-54.2044,54366626,1.92
2022-12-27,3.55,3.77,3.54,3.69,4.2373,-52.2639,143287426,5.25
2022-12-28,3.62,3.67,3.56,3.59,-2.71,-53.5576,83759836,3.03
2022-12-29,3.59,3.62,3.51,3.56,-0.8357,-53.9457,59391105,2.12
2022-12-30,3.56,3.66,3.55,3.65,2.5281,-52.7814,86631494,3.14
2023-01-03,3.65,3.67,3.54,3.59,-1.6438,-53.5576,74923297,2.69
2023-01-04,3.57,3.63,3.54,3.57,-0.5571,-53.8163,51095144,1.82
2023-01-05,3.59,3.6,3.52,3.53,-1.1204,-54.3338,56493514,2.0
2023-01-06,3.51,3.54,3.46,3.47,-1.6997,-55.11,63657947,2.22
2023-01-09,3.47,3.49,3.45,3.46,-0.2882,-55.2393,48923974,1.7
2023-01-10,3.47,3.53,3.45,3.53,2.0231,-54.3338,59948537,2.09
2023-01-11,3.52,3.52,3.47,3.48,-1.4164,-54.9806,35298546,1.23
2023-01-12,3.46,3.48,3.38,3.39,-2.5862,-56.1449,60601700,2.07
2023-01-13,3.39,3.45,3.38,3.45,1.7699,-55.3687,37652632,1.29
2023-01-16,3.47,3.56,3.47,3.53,2.3188,-54.3338,63493521,2.24
2023-01-17,3.53,3.56,3.45,3.46,-1.983,-55.2393,37057600,1.29
2023-01-18,3.47,3.49,3.43,3.44,-0.578,-55.4981,26729400,0.92
2023-01-19,3.43,3.45,3.41,3.43,-0.2907,-55.6274,29105540,1.0
2023-01-20,3.43,3.49,3.42,3.48,1.4577,-54.9806,35530510,1.23
2023-01-30,3.52,3.54,3.45,3.46,-0.5747,-55.2393,46230899,1.61
2023-01-31,3.41,3.61,3.39,3.51,1.4451,-54.5925,84952172,2.98
2023-02-01,3.5,3.55,3.48,3.55,1.1396,-54.075,62610620,2.2
2023-02-02,3.55,3.56,3.51,3.56,0.2817,-53.9457,43060156,1.52
2023-02-03,3.56,3.56,3.49,3.52,-1.1236,-54.4631,42615647,1.5
2023-02-06,3.52,3.55,3.48,3.52,0.0,-54.4631,32705547,1.15
2023-02-07,3.52,3.53,3.49,3.51,-0.2841,-54.5925,28309993,0.99
2023-02-08,3.5,3.58,3.49,3.57,1.7094,-53.8163,70428820,2.5
2023-02-09,3.56,3.57,3.54,3.56,-0.2801,-53.9457,34426600,1.22
2023-02-10,3.56,3.57,3.53,3.56,0.0,-53.9457,33300300,1.18
2023-02-13,3.54,3.56,3.52,3.54,-0.5618,-54.2044,36324123,1.28
2023-02-14,3.5,3.52,3.49,3.5,-1.1299,-54.7219,52263394,1.83
2023-02-15,3.5,3.51,3.48,3.5,0.0,-54.7219,34565941,1.21
2023-02-16,3.5,3.54,3.45,3.46,-1.1429,-55.2393,49712500,1.74
2023-02-17,3.44,3.51,3.44,3.46,0.0,-55.2393,32009614,1.11
2023-02-20,3.46,3.49,3.44,3.49,0.8671,-54.8512,27689117,0.96
2023-02-21,3.5,3.5,3.46,3.48,-0.2865,-54.9806,21680600,0.75
2023-02-22,3.47,3.48,3.45,3.47,-0.2874,-55.11,17060083,0.59
2023-02-23,3.46,3.49,3.45,3.47,0.0,-55.11,21711068,0.75
2023-02-24,3.47,3.47,3.44,3.45,-0.5764,-55.3687,19039581,0.66
2023-02-27,3.45,3.46,3.4,3.4,-1.4493,-56.0155,24430900,0.84
2023-02-28,3.41,3.44,3.4,3.43,0.8824,-55.6274,17085900,0.58
2023-03-01,3.43,3.45,3.41,3.44,0.2915,-55.4981,19071285,0.66
2023-03-02,3.45,3.46,3.44,3.44,0.0,-55.4981,16070447,0.55
2023-03-03,3.44,3.47,3.41,3.47,0.8721,-55.11,27946318,0.96
2023-03-06,3.47,3.5,3.45,3.5,0.8646,-54.7219,31758403,1.11
2023-03-07,3.5,3.51,3.42,3.42,-2.2857,-55.7568,29023300,1.0
2023-03-08,3.42,3.43,3.4,3.42,0.0,-55.7568,17584981,0.6
2023-03-09,3.42,3.43,3.4,3.41,-0.2924,-55.8862,16208905,0.55
2023-03-10,3.4,3.4,3.36,3.36,-1.4663,-56.533,23154800,0.78
2023-03-13,3.55,3.61,3.47,3.49,3.869,-54.8512,114633396,4.06
2023-03-14,3.47,3.54,3.45,3.46,-0.8596,-55.2393,50482724,1.76
2023-03-15,3.45,3.47,3.43,3.43,-0.8671,-55.6274,28898058,1.0
2023-03-16,3.42,3.45,3.41,3.42,-0.2915,-55.7568,24443155,0.84
2023-03-17,3.44,3.44,3.41,3.42,0.0,-55.7568,20302300,0.69
2023-03-20,3.41,3.42,3.29,3.3,-3.5088,-57.3092,95085416,3.17
2023-03-21,3.3,3.32,3.28,3.3,0.0,-57.3092,45061609,1.49
2023-03-22,3.31,3.31,3.25,3.28,-0.6061,-57.5679,62217000,2.04
2023-03-23,3.27,3.36,3.26,3.32,1.2195,-57.0505,36806446,1.22
2023-03-24,3.31,3.33,3.3,3.31,-0.3012,-57.1798,17470764,0.58
2023-03-27,3.32,3.32,3.28,3.31,0.0,-57.1798,22225900,0.73
2023-03-28,3.31,3.34,3.29,3.32,0.3021,-57.0505,24919772,0.83
2023-03-29,3.34,3.35,3.29,3.29,-0.9036,-57.4386,20107309,0.66
2023-03-30,3.3,3.34,3.28,3.33,1.2158,-56.9211,29075461,0.96
2023-03-31,3.35,3.49,3.33,3.44,3.3033,-55.4981,92490844,3.16
2023-04-03,3.42,3.5,3.4,3.47,0.8721,-55.11,82646478,2.87
2023-04-04,3.46,3.5,3.41,3.45,-0.5764,-55.3687,50922857,1.76
2023-04-06,3.44,3.44,3.38,3.4,-1.4493,-56.0155,31554890,1.07
2023-04-07,3.39,3.41,3.38,3.39,-0.2941,-56.1449,26008659,0.88
2023-04-10,3.38,3.39,3.32,3.33,-1.7699,-56.9211,36827600,1.23
2023-04-11,3.33,3.33,3.3,3.31,-0.6006,-57.1798,25050790,0.83
2023-04-12,3.31,3.34,3.3,3.33,0.6042,-56.9211,26691643,0.89
2023-04-13,3.33,3.37,3.31,3.37,1.2012,-56.4036,39195040,1.31
2023-04-14,3.36,3.36,3.31,3.32,-1.4837,-57.0505,36391200,1.21
2023-04-17,3.31,3.34,3.3,3.32,0.0,-57.0505,23129717,0.77
2023-04-18,3.32,3.34,3.3,3.33,0.3012,-56.9211,19091619,0.63
2023-04-19,3.33,3.33,3.3,3.3,-0.9009,-57.3092,18453200,0.61
2023-04-20,3.3,3.31,3.27,3.28,-0.6061,-57.5679,23073376,0.76
2023-04-21,3.27,3.31,3.24,3.24,-1.2195,-58.0854,29681700,0.97
2023-04-24,3.24,3.25,3.18,3.18,-1.8519,-58.8616,31374439,1.0
2023-04-25,3.19,3.2,3.11,3.15,-0.9434,-59.2497,31464791,0.99
2023-04-26,3.14,3.22,3.12,3.21,1.9048,-58.4735,27257437,0.87
2023-04-27,3.22,3.25,3.2,3.23,0.6231,-58.2147,20475177,0.66
2023-04-28,3.24,3.45,3.23,3.42,5.8824,-55.7568,82473196,2.77
2023-05-04,3.37,3.39,3.32,3.34,-2.3392,-56.7917,49294253,1.65
2023-05-05,3.35,3.42,3.33,3.4,1.7964,-56.0155,48140779,1.62
2023-05-08,3.4,3.42,3.35,3.4,0.0,-56.0155,44768247,1.51
2023-05-09,3.38,3.44,3.37,3.38,-0.5882,-56.2743,41291943,1.41
2023-05-10,3.38,3.38,3.33,3.33,-1.4793,-56.9211,28580355,0.96
2023-05-11,3.36,3.48,3.32,3.44,3.3033,-55.4981,64785095,2.2
2023-05-12,3.42,3.45,3.38,3.41,-0.8721,-55.8862,34463858,1.17
2023-05-15,3.4,3.41,3.36,3.4,-0.2933,-56.0155,34915288,1.18
2023-05-16,3.4,3.4,3.33,3.35,-1.4706,-56.6624,31768700,1.07
2023-05-17,3.34,3.37,3.32,3.34,-0.2985,-56.7917,22236100,0.74
2023-05-18,3.34,3.36,3.31,3.32,-0.5988,-57.0505,24219392,0.81
2023-05-19,3.31,3.32,3.25,3.26,-1.8072,-57.8266,30061014,0.98
2023-05-22,3.27,3.29,3.23,3.27,0.3067,-57.6973,27329156,0.89
2023-05-23,3.28,3.29,3.25,3.25,-0.6116,-57.956,30880269,1.01
2023-05-24,3.25,3.25,3.17,3.18,-2.1538,-58.8616,40367181,1.29
2023-05-25,3.18,3.18,3.15,3.18,0.0,-58.8616,24366985,0.77
2023-05-26,3.17,3.21,3.16,3.2,0.6289,-58.6028,18014200,0.57
2023-05-29,3.2,3.21,3.17,3.17,-0.9375,-58.9909,22032540,0.7
2023-05-30,3.17,3.2,3.15,3.2,0.9464,-58.6028,23828468,0.76
2023-05-31,3.19,3.25,3.17,3.21,0.3125,-58.4735,61340286,1.97
2023-06-01,3.21,3.22,3.18,3.2,-0.3115,-58.6028,21368320,0.68
2023-06-02,3.2,3.24,3.2,3.22,0.625,-58.3441,22054985,0.71
2023-06-05,3.22,3.25,3.21,3.24,0.6211,-58.0854,16248530,0.53
2023-06-06,3.23,3.25,3.19,3.2,-1.2346,-58.6028,20121636,0.65
2023-06-07,3.2,3.29,3.18,3.25,1.5625,-57.956,31879211,1.03
2023-06-08,3.26,3.27,3.23,3.25,0.0,-57.956,18504940,0.6
2023-06-09,3.25,3.27,3.21,3.22,-0.9231,-58.3441,17364520,0.56
2023-06-12,3.21,3.23,3.19,3.21,-0.3106,-58.4735,15057142,0.48
2023-06-13,3.2,3.23,3.2,3.22,0.3115,-58.3441,12353738,0.4
2023-06-14,3.22,3.28,3.2,3.26,1.2422,-57.8266,32650106,1.06
2023-06-15,3.24,3.28,3.23,3.26,0.0,-57.8266,22893383,0.74
2023-06-16,3.25,3.27,3.24,3.25,-0.3067,-57.956,17185100,0.56
2023-06-19,3.25,3.25,3.18,3.19,-1.8462,-58.7322,25692820,0.82
2023-06-20,3.18,3.19,3.16,3.17,-0.627,-58.9909,25248900,0.8
2023-06-21,3.16,3.18,3.13,3.13,-1.2618,-59.5084,27534800,0.87
2023-06-26,3.12,3.12,3.08,3.08,-1.5974,-60.1552,27297052,0.85
2023-06-27,3.08,3.13,3.08,3.12,1.2987,-59.6378,12845617,0.4
2023-06-28,3.12,3.13,3.09,3.12,0.0,-59.6378,15443517,0.48
2023-06-29,3.12,3.14,3.11,3.13,0.3205,-59.5084,13731299,0.43
2023-06-30,3.13,3.14,3.12,3.13,0.0,-59.5084,18921373,0.59
2023-07-03,3.12,3.17,3.12,3.16,0.9585,-59.1203,23340858,0.74
2023-07-04,3.15,3.17,3.14,3.16,0.0,-59.1203,16505505,0.52
2023-07-05,3.16,3.16,3.12,3.13,-0.9494,-59.5084,16272268,0.51
2023-07-06,3.13,3.14,3.11,3.12,-0.3195,-59.6378,14734246,0.46
2023-07-07,3.11,3.15,3.11,3.14,0.641,-59.379,15009324,0.47
2023-07-10,3.14,3.18,3.13,3.17,0.9554,-58.9909,20949448,0.66
2023-07-11,3.16,3.2,3.16,3.19,0.6309,-58.7322,18808002,0.6
2023-07-12,3.19,3.21,3.17,3.18,-0.3135,-58.8616,22131030,0.71
2023-07-13,3.18,3.22,3.18,3.2,0.6289,-58.6028,19449022,0.62
2023-07-14,3.2,3.21,3.17,3.19,-0.3125,-58.7322,14752000,0.47
2023-07-17,3.19,3.25,3.19,3.22,0.9404,-58.3441,27587404,0.89
2023-07-18,3.22,3.23,3.18,3.21,-0.3106,-58.4735,22604799,0.72
2023-07-19,3.19,3.28,3.19,3.25,1.2461,-57.956,32551698,1.06
2023-07-20,3.26,3.33,3.25,3.29,1.2308,-57.4386,59965432,1.97
2023-07-21,3.3,3.37,3.29,3.33,1.2158,-56.9211,56981540,1.9
2023-07-24,3.3,3.39,3.27,3.37,1.2012,-56.4036,57257536,1.92
2023-07-25,3.39,3.4,3.33,3.35,-0.5935,-56.6624,45912806,1.54
2023-07-26,3.34,3.4,3.33,3.4,1.4925,-56.0155,51061106,1.72
2023-07-27,3.38,3.4,3.36,3.38,-0.5882,-56.2743,34075883,1.15
2023-07-28,3.37,3.43,3.36,3.43,1.4793,-55.6274,46799783,1.6
2023-07-31,3.43,3.52,3.41,3.5,2.0408,-54.7219,75342199,2.62
2023-08-01,3.49,3.8,3.48,3.63,3.7143,-53.0401,251525458,9.17
2023-08-02,3.54,3.99,3.5,3.99,9.9174,-48.3829,605130542,23.54
2023-08-03,3.82,3.85,3.66,3.72,-6.7669,-51.8758,471589003,17.66
2023-08-04,3.66,3.75,3.58,3.61,-2.957,-53.2988,302957955,11.02
2023-08-07,3.6,3.64,3.54,3.56,-1.385,-53.9457,156098087,5.57
2023-08-08,3.54,3.56,3.47,3.48,-2.2472,-54.9806,146161520,5.12
2023-08-09,3.48,3.51,3.47,3.48,0.0,-54.9806,75336993,2.63
2023-08-10,3.48,3.57,3.45,3.5,0.5747,-54.7219,118865161,4.17
2023-08-11,3.49,3.5,3.41,3.42,-2.2857,-55.7568,97390423,3.36
2023-08-14,3.4,3.45,3.38,3.44,0.5848,-55.4981,57158477,1.96
2023-08-15,3.45,3.51,3.43,3.45,0.2907,-55.3687,77272349,2.68
2023-08-16,3.43,3.47,3.39,3.43,-0.5797,-55.6274,60473868,2.07
2023-08-17,3.42,3.46,3.4,3.44,0.2915,-55.4981,52734257,1.81
2023-08-18,3.44,3.45,3.35,3.36,-2.3256,-56.533,75366071,2.55
2023-08-21,3.35,3.39,3.33,3.33,-0.8929,-56.9211,39968420,1.34
2023-08-22,3.35,3.36,3.29,3.36,0.9009,-56.533,66889523,2.22
2023-08-23,3.35,3.37,3.32,3.32,-1.1905,-57.0505,33207500,1.11
2023-08-24,3.34,3.35,3.3,3.33,0.3012,-56.9211,33065278,1.1
2023-08-25,3.33,3.35,3.27,3.29,-1.2012,-57.4386,46282654,1.53
2023-08-28,3.44,3.44,3.3,3.3,0.304,-57.3092,70605308,2.37
2023-08-29,3.29,3.32,3.26,3.32,0.6061,-57.0505,64395318,2.12
2023-08-30,3.31,3.32,3.26,3.27,-1.506,-57.6973,54305900,1.78
2023-08-31,3.28,3.29,3.22,3.22,-1.5291,-58.3441,49258517,1.59
2023-09-01,3.24,3.33,3.23,3.28,1.8634,-57.5679,63609603,2.09
2023-09-04,3.27,3.31,3.25,3.31,0.9146,-57.1798,60925181,2.0
2023-09-05,3.3,3.3,3.26,3.27,-1.2085,-57.6973,33774200,1.11
2023-09-06,3.26,3.27,3.24,3.26,-0.3058,-57.8266,34053792,1.11
2023-09-07,3.25,3.28,3.22,3.22,-1.227,-58.3441,33146267,1.08
2023-09-08,3.21,3.24,3.2,3.22,0.0,-58.3441,28427245,0.91
2023-09-11,3.22,3.27,3.21,3.26,1.2422,-57.8266,35363468,1.15
2023-09-12,3.27,3.32,3.25,3.28,0.6135,-57.5679,38386040,1.26
2023-09-13,3.3,3.31,3.26,3.27,-0.3049,-57.6973,36645274,1.2
2023-09-14,3.26,3.26,3.24,3.25,-0.6116,-57.956,23848522,0.78
2023-09-15,3.27,3.31,3.25,3.31,1.8462,-57.1798,44862154,1.48
2023-09-18,3.29,3.32,3.28,3.3,-0.3021,-57.3092,35442047,1.17
2023-09-19,3.29,3.3,3.27,3.28,-0.6061,-57.5679,24682055,0.81
2023-09-20,3.28,3.28,3.23,3.24,-1.2195,-58.0854,23104464,0.75
2023-09-21,3.24,3.25,3.21,3.21,-0.9259,-58.4735,21222200,0.68
2023-09-22,3.21,3.25,3.2,3.25,1.2461,-57.956,17488126,0.57
2023-09-25,3.24,3.26,3.22,3.23,-0.6154,-58.2147,17525083,0.57
2023-09-26,3.22,3.24,3.21,3.21,-0.6192,-58.4735,15544500,0.5
2023-09-27,3.22,3.22,3.2,3.2,-0.3115,-58.6028,21798400,0.7
2023-09-28,3.21,3.22,3.18,3.21,0.3125,-58.4735,21935108,0.7
2023-10-09,3.21,3.21,3.14,3.15,-1.8692,-59.2497,38059800,1.2
2023-10-10,3.15,3.18,3.14,3.15,0.0,-59.2497,22024342,0.7
2023-10-11,3.15,3.17,3.13,3.13,-0.6349,-59.5084,26372134,0.83
2023-10-12,3.15,3.2,3.14,3.16,0.9585,-59.1203,30997700,0.98
2023-10-13,3.15,3.16,3.1,3.11,-1.5823,-59.7671,34717500,1.08
2023-10-16,3.11,3.11,3.08,3.09,-0.6431,-60.0259,23497900,0.73
2023-10-17,3.1,3.13,3.09,3.11,0.6472,-59.7671,18965400,0.59
2023-10-18,3.1,3.11,3.07,3.07,-1.2862,-60.2846,21050204,0.65
2023-10-19,3.06,3.08,3.03,3.03,-1.3029,-60.8021,25888600,0.79
2023-10-20,3.02,3.07,3.02,3.05,0.6601,-60.5433,25946614,0.79
2023-10-23,3.04,3.05,2.98,2.99,-1.9672,-61.3195,29298200,0.88
2023-10-24,3.0,3.04,2.98,3.03,1.3378,-60.8021,24371145,0.73
2023-10-25,3.05,3.09,3.04,3.07,1.3201,-60.2846,22690300,0.7
2023-10-26,3.06,3.09,3.05,3.09,0.6515,-60.0259,17005908,0.52
2023-10-27,3.08,3.14,3.07,3.13,1.2945,-59.5084,24130020,0.75
2023-10-30,3.11,3.13,3.1,3.11,-0.639,-59.7671,26036391,0.81
2023-10-31,3.11,3.12,3.07,3.08,-0.9646,-60.1552,27680370,0.86
2023-11-01,3.09,3.11,3.08,3.09,0.3247,-60.0259,23289200,0.72
2023-11-02,3.09,3.1,3.05,3.05,-1.2945,-60.5433,25339475,0.78
2023-11-03,3.05,3.08,3.05,3.06,0.3279,-60.414,26607300,0.81
2023-11-06,3.06,3.1,3.06,3.09,0.9804,-60.0259,37387434,1.15
2023-11-07,3.09,3.09,3.05,3.06,-0.9709,-60.414,37404447,1.15
2023-11-08,3.06,3.07,3.03,3.05,-0.3268,-60.5433,36155233,1.1
2023-11-09,3.04,3.05,3.02,3.03,-0.6557,-60.8021,33281900,1.01
2023-11-10,3.03,3.03,2.99,3.02,-0.33,-60.9314,37138094,1.12
2023-11-13,3.03,3.03,3.0,3.03,0.3311,-60.8021,33045809,1.0
2023-11-14,3.02,3.04,3.02,3.03,0.0,-60.8021,29815145,0.9
2023-11-15,3.04,3.05,3.02,3.03,0.0,-60.8021,32900798,1.0
2023-11-16,3.02,3.03,3.0,3.01,-0.6601,-61.0608,26177189,0.79
2023-11-17,3.01,3.03,3.0,3.02,0.3322,-60.9314,25636200,0.77
2023-11-20,3.02,3.06,3.01,3.05,0.9934,-60.5433,35530599,1.08
2023-11-21,3.05,3.1,3.04,3.07,0.6557,-60.2846,57475610,1.77
2023-11-22,3.07,3.11,3.06,3.09,0.6515,-60.0259,51948277,1.61
2023-11-23,3.09,3.1,3.06,3.07,-0.6472,-60.2846,26880620,0.82
2023-11-24,3.07,3.11,3.07,3.11,1.3029,-59.7671,51207188,1.59
2023-11-27,3.09,3.1,3.04,3.09,-0.6431,-60.0259,52863374,1.62
2023-11-28,3.09,3.14,3.06,3.09,0.0,-60.0259,59797700,1.85
2023-11-29,3.08,3.09,3.02,3.02,-2.2654,-60.9314,51499989,1.57
2023-11-30,3.03,3.07,3.02,3.05,0.9934,-60.5433,36985991,1.13
2023-12-01,3.05,3.13,3.04,3.07,0.6557,-60.2846,47628654,1.47
2023-12-04,3.06,3.06,3.03,3.03,-1.3029,-60.8021,29542920,0.9
2023-12-05,3.03,3.05,3.0,3.0,-0.9901,-61.1902,37578735,1.14
2023-12-06,2.99,3.03,2.99,3.01,0.3333,-61.0608,35657725,1.07
2023-12-07,3.01,3.02,2.98,3.0,-0.3322,-61.1902,40638535,1.22
2023-12-08,3.0,3.01,2.93,2.96,-1.3333,-61.7076,105250919,3.13
2023-12-11,2.94,2.97,2.89,2.97,0.3378,-61.5783,63929193,1.87
2023-12-12,2.96,3.0,2.95,2.98,0.3367,-61.4489,39534899,1.18
2023-12-13,2.99,3.0,2.92,2.92,-2.0134,-62.2251,41108253,1.22
2023-12-14,2.99,3.03,2.94,2.96,1.3699,-61.7076,69172000,2.07
2023-12-15,2.95,2.97,2.93,2.95,-0.3378,-61.837,39017570,1.15
2023-12-18,2.94,2.94,2.91,2.92,-1.0169,-62.2251,28039056,0.82
2023-12-19,2.91,2.93,2.9,2.93,0.3425,-62.0957,26428200,0.77
2023-12-20,2.92,2.93,2.88,2.93,0.0,-62.0957,32472772,0.94
2023-12-21,2.91,2.92,2.87,2.9,-1.0239,-62.4838,36980522,1.07
2023-12-22,2.89,2.9,2.86,2.87,-1.0345,-62.8719,33234341,0.96
2023-12-25,2.86,2.87,2.83,2.83,-1.3937,-63.3894,29867100,0.85
2023-12-26,2.83,2.84,2.79,2.8,-1.0601,-63.7775,25248590,0.71
2023-12-27,2.8,2.83,2.74,2.81,0.3571,-63.6481,39511541,1.1
2023-12-28,2.81,2.85,2.78,2.83,0.7117,-63.3894,43547371,1.23
2023-12-29,2.82,2.84,2.81,2.82,-0.3534,-63.5188,37142182,1.05
2024-01-02,2.82,2.83,2.81,2.81,-0.3546,-63.6481,20693645,0.58
2024-01-03,2.81,2.82,2.79,2.8,-0.3559,-63.7775,20356583,0.57
2024-01-04,2.8,2.81,2.76,2.78,-0.7143,-64.0362,28359783,0.79
2024-01-05,2.78,2.79,2.74,2.76,-0.7194,-64.295,28879562,0.8
2024-01-08,2.75,2.76,2.71,2.71,-1.8116,-64.9418,28157463,0.77
2024-01-09,2.7,2.75,2.7,2.72,0.369,-64.8124,28182477,0.77
2024-01-10,2.72,2.78,2.68,2.76,1.4706,-64.295,39385261,1.08
2024-01-11,2.76,2.78,2.72,2.76,0.0,-64.295,33576688,0.92
2024-01-12,2.76,2.79,2.75,2.75,-0.3623,-64.4243,27544464,0.76
2024-01-15,2.74,2.79,2.72,2.76,0.3636,-64.295,23867470,0.66
2024-01-16,2.76,2.76,2.71,2.74,-0.7246,-64.5537,26520700,0.72
2024-01-17,2.73,2.74,2.68,2.69,-1.8248,-65.2005,27969200,0.76
2024-01-18,2.68,2.68,2.59,2.65,-1.487,-65.718,48161974,1.27
2024-01-19,2.65,2.7,2.63,2.65,0.0,-65.718,29439939,0.78
2024-01-22,2.65,2.65,2.52,2.54,-4.1509,-67.141,38622522,1.0
2024-01-23,2.54,2.57,2.5,2.55,0.3937,-67.0116,29363140,0.75
2024-01-24,2.55,2.61,2.52,2.61,2.3529,-66.2354,43291728,1.12
2024-01-25,2.61,2.68,2.59,2.67,2.2989,-65.4592,39086244,1.03
2024-01-26,2.67,2.69,2.65,2.67,0.0,-65.4592,28759308,0.77
2024-01-29,2.69,2.69,2.62,2.62,-1.8727,-66.1061,28464900,0.75
2024-01-30,2.6,2.65,2.59,2.59,-1.145,-66.4942,29036652,0.76
2024-01-31,2.55,2.56,2.45,2.45,-5.4054,-68.3053,58578440,1.46
2024-02-01,2.43,2.47,2.39,2.41,-1.6327,-68.8228,38429128,0.93
2024-02-02,2.43,2.48,2.3,2.37,-1.6598,-69.3402,54933143,1.32
2024-02-05,2.36,2.37,2.21,2.29,-3.3755,-70.3752,76685881,1.76
2024-02-06,2.28,2.47,2.25,2.45,6.9869,-68.3053,72948571,1.72
2024-02-07,2.46,2.61,2.43,2.6,6.1224,-66.3648,100688738,2.57
2024-02-08,2.61,2.75,2.6,2.66,2.3077,-65.5886,88519793,2.38
2024-02-19,2.7,2.72,2.56,2.58,-3.0075,-66.6235,67645205,1.77
2024-02-20,2.58,2.58,2.52,2.55,-1.1628,-67.0116,39860277,1.02
2024-02-21,2.54,2.63,2.52,2.56,0.3922,-66.8823,48322864,1.25
2024-02-22,2.55,2.59,2.53,2.56,0.0,-66.8823,36220800,0.93
2024-02-23,2.56,2.58,2.52,2.56,0.0,-66.8823,44356059,1.13
2024-02-26,2.55,2.62,2.54,2.59,1.1719,-66.4942,52198669,1.35
2024-02-27,2.59,2.65,2.58,2.65,2.3166,-65.718,47476833,1.24
2024-02-28,2.63,2.69,2.58,2.58,-2.6415,-66.6235,62177300,1.64
2024-02-29,2.58,2.64,2.57,2.64,2.3256,-65.8473,43591049,1.14
2024-03-01,2.63,2.64,2.6,2.61,-1.1364,-66.2354,31237300,0.82
2024-03-04,2.62,2.62,2.57,2.59,-0.7663,-66.4942,27553226,0.71
2024-03-05,2.59,2.6,2.52,2.53,-2.3166,-67.2704,53886037,1.37
2024-03-06,2.53,2.55,2.5,2.52,-0.3953,-67.3997,34887498,0.88
2024-03-07,2.53,2.56,2.51,2.51,-0.3968,-67.5291,29708900,0.75
2024-03-08,2.51,2.53,2.47,2.49,-0.7968,-67.7878,34147800,0.85
2024-03-11,2.49,2.57,2.48,2.57,3.2129,-66.7529,45616511,1.16
2024-03-12,2.57,2.6,2.55,2.6,1.1673,-66.3648,35358401,0.91
2024-03-13,2.6,2.6,2.55,2.56,-1.5385,-66.8823,30824581,0.79
2024-03-14,2.57,2.59,2.53,2.54,-0.7812,-67.141,33902886,0.87
2024-03-15,2.54,2.6,2.52,2.59,1.9685,-66.4942,42720311,1.1
2024-03-18,2.59,2.6,2.55,2.58,-0.3861,-66.6235,40169500,1.03
2024-03-19,2.57,2.58,2.54,2.54,-1.5504,-67.141,29081200,0.74
2024-03-20,2.53,2.55,2.53,2.55,0.3937,-67.0116,25049500,0.64
2024-03-21,2.51,2.53,2.43,2.43,-4.7059,-68.564,108322303,2.66
2024-03-22,2.42,2.43,2.34,2.35,-3.2922,-69.599,87710688,2.08
2024-03-25,2.34,2.36,2.32,2.32,-1.2766,-69.9871,53278001,1.25
2024-03-26,2.32,2.35,2.29,2.31,-0.431,-70.1164,42050651,0.97
2024-03-27,2.31,2.32,2.27,2.27,-1.7316,-70.6339,39150667,0.9
2024-03-28,2.27,2.3,2.26,2.29,0.8811,-70.3752,34265945,0.78
2024-03-29,2.29,2.3,2.25,2.28,-0.4367,-70.5045,37853053,0.86
2024-04-01,2.28,2.34,2.27,2.34,2.6316,-69.7283,43393852,1.01
2024-04-02,2.34,2.34,2.3,2.31,-1.2821,-70.1164,31368510,0.73
2024-04-03,2.31,2.32,2.28,2.3,-0.4329,-70.2458,40520190,0.93
2024-04-08,2.29,2.3,2.24,2.25,-2.1739,-70.8926,42603407,0.96
2024-04-09,2.25,2.29,2.24,2.29,1.7778,-70.3752,32217695,0.73
2024-04-10,2.28,2.29,2.24,2.25,-1.7467,-70.8926,33524399,0.76
2024-04-11,2.25,2.27,2.23,2.24,-0.4444,-71.022,29587180,0.67
2024-04-12,2.24,2.26,2.19,2.19,-2.2321,-71.6688,54534099,1.21
2024-04-15,2.18,2.21,2.12,2.16,-1.3699,-72.0569,58203375,1.26
2024-04-16,2.14,2.17,2.08,2.09,-3.2407,-72.9625,58742941,1.24
2024-04-17,2.09,2.19,2.09,2.19,4.7847,-71.6688,65086469,1.41
2024-04-18,2.18,2.22,2.16,2.17,-0.9132,-71.9276,39565291,0.86
2024-04-19,2.18,2.2,2.16,2.17,0.0,-71.9276,30811924,0.67
2024-04-22,2.17,2.19,2.13,2.18,0.4608,-71.7982,33864500,0.74
2024-04-23,2.18,2.21,2.18,2.19,0.4587,-71.6688,27612319,0.61
2024-04-24,2.19,2.2,2.16,2.19,0.0,-71.6688,26830012,0.59
2024-04-25,2.19,2.25,2.17,2.23,1.8265,-71.1514,46828040,1.04
2024-04-26,2.23,2.28,2.22,2.28,2.2422,-70.5045,53687127,1.21
2024-04-29,2.29,2.42,2.29,2.42,6.1404,-68.6934,109267330,2.6
2024-04-30,2.42,2.44,2.38,2.43,0.4132,-68.564,72479437,1.75
2024-05-06,2.45,2.49,2.41,2.42,-0.4115,-68.6934,66026446,1.62
2024-05-07,2.43,2.43,2.36,2.38,-1.6529,-69.2109,47103500,1.12
2024-05-08,2.5,2.62,2.46,2.62,10.084,-66.1061,302284990,7.76
2024-05-09,2.63,2.66,2.54,2.55,-2.6718,-67.0116,283450880,7.32
2024-05-10,2.52,2.73,2.49,2.56,0.3922,-66.8823,295904481,7.68
2024-05-13,2.51,2.55,2.45,2.47,-3.5156,-68.0466,179353285,4.47
2024-05-14,2.45,2.49,2.43,2.43,-1.6194,-68.564,105861559,2.59
2024-05-15,2.43,2.45,2.38,2.4,-1.2346,-68.9521,75437400,1.82
2024-05-16,2.39,2.46,2.38,2.41,0.4167,-68.8228,107427052,2.6
2024-05-17,2.41,2.48,2.39,2.45,1.6598,-68.3053,88822472,2.16
2024-05-20,2.46,2.46,2.41,2.42,-1.2245,-68.6934,78264890,1.9
2024-05-21,2.41,2.43,2.4,2.41,-0.4132,-68.8228,59941800,1.45
2024-05-22,2.42,2.49,2.41,2.45,1.6598,-68.3053,85820263,2.11
2024-05-23,2.45,2.46,2.38,2.39,-2.449,-69.0815,78105616,1.87
2024-05-24,2.38,2.4,2.37,2.37,-0.8368,-69.3402,44992480,1.07
2024-05-27,2.38,2.39,2.32,2.35,-0.8439,-69.599,61601805,1.44
2024-05-28,2.36,2.54,2.33,2.45,4.2553,-68.3053,150959592,3.68
2024-05-29,2.42,2.45,2.38,2.39,-2.449,-69.0815,86010258,2.07
2024-05-30,2.38,2.41,2.36,2.4,0.4184,-68.9521,48335116,1.16
2024-05-31,2.42,2.64,2.42,2.63,9.5833,-65.9767,374029323,9.65
2024-06-03,2.63,2.89,2.59,2.89,9.8859,-62.6132,478730381,13.36
2024-06-04,2.9,2.93,2.68,2.72,-5.8824,-64.8124,449512539,12.46
2024-06-05,2.72,2.79,2.61,2.63,-3.3088,-65.9767,263288502,7.06
2024-06-06,2.64,2.65,2.51,2.52,-4.1825,-67.3997,190404721,4.84
2024-06-07,2.55,2.63,2.53,2.56,1.5873,-66.8823,137476599,3.53
2024-06-11,2.56,2.74,2.54,2.68,4.6875,-65.3299,215792042,5.73
2024-06-12,2.67,2.71,2.61,2.67,-0.3731,-65.4592,119165919,3.16
2024-06-13,2.66,2.73,2.63,2.68,0.3745,-65.3299,123776220,3.32
2024-06-14,2.67,2.82,2.65,2.8,4.4776,-63.7775,190672682,5.25
2024-06-17,2.7,2.75,2.65,2.72,-2.8571,-64.8124,166953069,4.51
2024-06-18,2.72,2.87,2.71,2.82,3.6765,-63.5188,168223540,4.72
2024-06-19,2.86,3.07,2.74,2.89,2.4823,-62.6132,333329010,9.68
2024-06-20,2.95,2.98,2.75,2.76,-4.4983,-64.295,260820041,7.41
2024-06-21,2.77,2.87,2.68,2.75,-0.3623,-64.4243,205922489,5.7
2024-06-24,2.7,2.71,2.6,2.61,-5.0909,-66.2354,159101309,4.2
2024-06-25,2.61,2.71,2.6,2.68,2.682,-65.3299,153058908,4.09
2024-06-26,2.65,2.67,2.55,2.62,-2.2388,-66.1061,136330424,3.55
2024-06-27,2.6,2.61,2.47,2.48,-5.3435,-67.9172,166279924,4.19
2024-06-28,2.48,2.55,2.45,2.48,0.0,-67.9172,106852635,2.66
2024-07-01,2.49,2.49,2.35,2.39,-3.629,-69.0815,144739943,3.47
2024-07-02,2.39,2.42,2.33,2.37,-0.8368,-69.3402,95207700,2.27
2024-07-03,2.35,2.48,2.33,2.38,0.4219,-69.2109,134441700,3.25
2024-07-04,2.35,2.37,2.3,2.3,-3.3613,-70.2458,117025030,2.71
2024-07-05,2.29,2.33,2.25,2.26,-1.7391,-70.7633,107991400,2.46
2024-07-08,2.25,2.25,2.16,2.18,-3.5398,-71.7982,110956817,2.43
2024-07-09,2.18,2.19,2.11,2.18,0.0,-71.7982,96802847,2.08
2024-07-10,2.16,2.21,2.13,2.14,-1.8349,-72.3157,86738011,1.88
2024-07-11,2.19,2.21,2.16,2.19,2.3364,-71.6688,113472816,2.48
2024-07-12,2.2,2.23,2.17,2.18,-0.4566,-71.7982,102781742,2.26
2024-07-15,2.16,2.16,2.12,2.14,-1.8349,-72.3157,68293916,1.46
2024-07-16,2.12,2.15,2.11,2.14,0.0,-72.3157,44190300,0.94
2024-07-17,2.15,2.25,2.15,2.23,4.2056,-71.1514,130025300,2.87
2024-07-18,2.22,2.4,2.19,2.35,5.3812,-69.599,212868362,4.94
2024-07-19,2.32,2.32,2.25,2.26,-3.8298,-70.7633,120962101,2.75
2024-07-22,2.25,2.28,2.21,2.25,-0.4425,-70.8926,79814822,1.79
2024-07-23,2.25,2.31,2.23,2.23,-0.8889,-71.1514,85734100,1.94
2024-07-24,2.21,2.23,2.15,2.16,-3.139,-72.0569,86733473,1.89
2024-07-25,2.13,2.19,2.12,2.17,0.463,-71.9276,63813600,1.38
2024-07-26,2.16,2.2,2.15,2.18,0.4608,-71.7982,60644614,1.32
2024-07-29,2.19,2.21,2.15,2.17,-0.4587,-71.9276,59320700,1.29
2024-07-30,2.16,2.2,2.15,2.19,0.9217,-71.6688,61220166,1.33
2024-07-31,2.18,2.27,2.18,2.26,3.1963,-70.7633,106017781,2.38
2024-08-01,2.26,2.27,2.22,2.22,-1.7699,-71.2807,74132263,1.66
2024-08-02,2.21,2.24,2.2,2.23,0.4505,-71.1514,54205400,1.21
2024-08-05,2.22,2.27,2.2,2.2,-1.3453,-71.5395,82021329,1.83
2024-08-06,2.22,2.3,2.21,2.28,3.6364,-70.5045,115427500,2.59
2024-08-07,2.3,2.51,2.22,2.51,10.0877,-67.5291,346660591,8.35
2024-08-08,2.6,2.76,2.59,2.76,9.9602,-64.295,393015602,10.54
2024-08-09,2.77,2.88,2.61,2.7,-2.1739,-65.0712,627888263,17.31
2024-08-12,2.68,2.72,2.43,2.43,-10.0,-68.564,453795065,11.37
2024-08-13,2.4,2.46,2.33,2.37,-2.4691,-69.3402,268452520,6.39
2024-08-14,2.36,2.42,2.32,2.35,-0.8439,-69.599,223728942,5.29
2024-08-15,2.33,2.39,2.31,2.37,0.8511,-69.3402,170608781,4.02
2024-08-16,2.37,2.37,2.25,2.26,-4.6414,-70.7633,227677722,5.25
2024-08-19,2.25,2.31,2.23,2.28,0.885,-70.5045,132674800,3.02
2024-08-20,2.28,2.3,2.24,2.25,-1.3158,-70.8926,92954875,2.1
2024-08-21,2.24,2.27,2.22,2.26,0.4444,-70.7633,94745410,2.12
2024-08-22,2.25,2.26,2.19,2.2,-2.6549,-71.5395,96243468,2.14
2024-08-23,2.2,2.24,2.19,2.23,1.3636,-71.1514,68529294,1.52
2024-08-26,2.2,2.24,2.15,2.22,-0.4484,-71.2807,91295974,2.02
2024-08-27,2.2,2.22,2.16,2.16,-2.7027,-72.0569,79426500,1.73
2024-08-28,2.18,2.26,2.16,2.21,2.3148,-71.4101,123369501,2.72
2024-08-29,2.19,2.27,2.16,2.25,1.81,-70.8926,109169400,2.43
2024-08-30,2.24,2.45,2.23,2.34,4.0,-69.7283,254548000,5.98
2024-09-02,2.35,2.37,2.25,2.26,-3.4188,-70.7633,131655901,3.03
2024-09-03,2.26,2.3,2.22,2.25,-0.4425,-70.8926,106918024,2.42
2024-09-04,2.23,2.26,2.22,2.25,0.0,-70.8926,69401500,1.56
2024-09-05,2.24,2.32,2.23,2.3,2.2222,-70.2458,97900323,2.24
2024-09-06,2.28,2.34,2.27,2.28,-0.8696,-70.5045,105404198,2.42
2024-09-09,2.27,2.39,2.26,2.32,1.7544,-69.9871,118554700,2.75
2024-09-10,2.32,2.32,2.23,2.27,-2.1552,-70.6339,96078014,2.18
2024-09-11,2.26,2.27,2.24,2.26,-0.4405,-70.7633,48813083,1.1
2024-09-12,2.27,2.3,2.25,2.26,0.0,-70.7633,55886743,1.27
2024-09-13,2.25,2.28,2.24,2.25,-0.4425,-70.8926,48962110,1.11
2024-09-18,2.25,2.26,2.2,2.23,-0.8889,-71.1514,61241154,1.36
2024-09-19,2.25,2.33,2.24,2.3,3.139,-70.2458,123068731,2.83
2024-09-20,2.29,2.31,2.26,2.28,-0.8696,-70.5045,75383100,1.72
2024-09-23,2.27,2.28,2.25,2.25,-1.3158,-70.8926,56647722,1.28
2024-09-24,2.48,2.48,2.48,2.48,10.2222,-67.9172,38225531,0.95
2024-09-25,2.73,2.73,2.73,2.73,10.0806,-64.6831,30713700,0.84
2024-09-26,3.0,3.0,2.81,3.0,9.8901,-61.1902,854335086,25.11
2024-09-27,3.3,3.3,3.3,3.3,10.0,-57.3092,67364868,2.22
2024-09-30,3.63,3.63,3.63,3.63,10.0,-53.0401,44250042,1.61
2024-10-08,3.99,3.99,3.7,3.99,9.9174,-48.3829,533485298,21.07
2024-10-09,3.9,3.9,3.59,3.59,-10.0251,-53.5576,781767338,28.75
2024-10-10,3.42,3.47,3.23,3.23,-10.0279,-58.2147,490423608,15.93
2024-10-11,3.05,3.11,2.91,2.91,-9.9071,-62.3545,414540747,12.25
2024-10-14,2.85,3.04,2.83,2.99,2.7491,-61.3195,393965965,11.65
2024-10-15,2.95,3.2,2.92,3.11,4.0134,-59.7671,494716151,15.21
2024-10-16,3.01,3.08,2.97,2.99,-3.8585,-61.3195,293311307,8.84
2024-10-17,3.0,3.06,2.91,2.91,-2.6756,-62.3545,257143125,7.67
2024-10-18,2.9,3.1,2.88,3.03,4.1237,-60.8021,381489181,11.47
2024-10-21,3.05,3.18,3.02,3.1,2.3102,-59.8965,305675782,9.44
2024-10-22,3.13,3.41,3.09,3.41,10.0,-55.8862,434081820,14.24
2024-10-23,3.47,3.75,3.41,3.69,8.2111,-52.2639,815912962,29.81
2024-10-24,3.7,4.03,3.55,3.77,2.168,-51.229,632571683,24.01
2024-10-25,3.73,3.93,3.68,3.8,0.7958,-50.8409,429913665,16.33
2024-10-28,3.88,4.18,3.88,4.18,10.0,-45.925,312224386,12.77
2024-10-29,4.27,4.6,4.2,4.6,10.0478,-40.4916,777256341,34.94
2024-10-30,4.7,5.03,4.53,4.91,6.7391,-36.4812,882834088,42.34
2024-10-31,4.75,4.91,4.48,4.61,-6.11,-40.3622,739448573,34.82
2024-11-01,4.47,5.07,4.25,5.07,9.9783,-34.4114,922512621,44.7
2024-11-04,5.23,5.35,4.6,5.08,0.1972,-34.282,915870088,45.15
2024-11-05,4.8,5.28,4.78,4.96,-2.3622,-35.8344,749612556,37.22
2024-11-06,4.86,4.99,4.71,4.73,-4.6371,-38.8098,625400380,30.11
2024-11-07,4.7,5.2,4.68,5.2,9.9366,-32.7296,896219605,45.76
2024-11-08,5.2,5.46,4.9,5.14,-1.1538,-33.5058,922808702,47.59
2024-11-11,4.89,5.12,4.81,4.99,-2.9183,-35.4463,462384452,22.97
2024-11-12,5.0,5.38,5.0,5.17,3.6072,-33.1177,607811993,31.7
2024-11-13,5.18,5.22,4.85,4.9,-5.2224,-36.6106,496857165,24.76
2024-11-14,4.83,4.85,4.58,4.64,-5.3061,-39.9741,372259052,17.55
2024-11-15,4.6,4.62,4.32,4.34,-6.4655,-43.8551,423271473,18.84
2024-11-18,4.32,4.48,4.25,4.32,-0.4608,-44.1138,310012824,13.51
2024-11-19,4.34,4.4,4.18,4.36,0.9259,-43.5964,285626776,12.24
2024-11-20,4.38,4.58,4.3,4.51,3.4404,-41.6559,335567498,15.03
2024-11-21,4.46,4.63,4.38,4.45,-1.3304,-42.4321,278843841,12.44
2024-11-22,4.41,4.42,4.22,4.23,-4.9438,-45.2781,214884183,9.31
2024-11-25,4.21,4.27,4.08,4.21,-0.4728,-45.5369,224288004,9.35
2024-11-26,4.22,4.63,4.22,4.48,6.4133,-42.044,486953055,21.81
2024-11-27,4.31,4.63,4.27,4.53,1.1161,-41.3972,350305722,15.5
2024-11-28,4.53,4.72,4.5,4.58,1.1038,-40.7503,328459078,15.18
2024-11-29,4.79,5.04,4.72,5.04,10.0437,-34.7995,515221552,25.54
2024-12-02,5.3,5.54,5.25,5.54,9.9206,-28.3312,254009300,13.92
2024-12-03,6.05,6.09,5.6,5.93,7.0397,-23.2859,1255822199,75.29
2024-12-04,5.65,6.52,5.34,6.52,9.9494,-15.6533,1394368174,85.65
2024-12-05,6.1,6.55,5.92,6.03,-7.5153,-21.9922,1150385844,70.8
2024-12-06,5.69,5.88,5.58,5.62,-6.7993,-27.2962,814333548,46.46
2024-12-09,5.5,5.8,5.43,5.48,-2.4911,-29.1074,519853567,28.91
2024-12-10,6.03,6.03,6.03,6.03,10.0365,-21.9922,208631999,12.58
2024-12-11,6.0,6.5,5.83,6.31,4.6434,-18.37,1045785856,64.79
2024-12-12,6.11,6.94,6.1,6.94,9.9842,-10.2199,1145989786,77.39
2024-12-13,6.77,7.62,6.66,7.15,3.0259,-7.5032,1370378063,96.22
2024-12-16,7.16,7.87,6.89,7.64,6.8531,-1.1643,1391760640,105.79
2024-12-17,7.15,7.35,6.88,6.88,-9.9476,-10.9961,444668885,31.1
2024-12-18,6.19,6.88,6.19,6.87,-0.1453,-11.1255,965817774,63.03
2024-12-19,6.6,6.6,6.2,6.26,-8.8792,-19.0168,717795379,45.83
2024-12-20,6.31,6.5,6.2,6.22,-0.639,-19.5343,547994591,34.72
2024-12-23,6.25,6.33,5.91,5.94,-4.5016,-23.1565,537036365,32.82
2024-12-24,5.9,6.29,5.73,6.11,2.862,-20.9573,598044174,35.86
2024-12-25,6.02,6.64,5.82,6.43,5.2373,-16.8176,704031945,43.77
2024-12-26,6.43,7.0,6.23,6.81,5.9098,-11.9017,820932743,53.8
2024-12-27,6.6,7.25,6.58,6.89,1.1747,-10.8668,923365297,64.31
2024-12-30,6.8,6.96,6.62,6.75,-2.0319,-12.6779,564893958,38.32
2024-12-31,6.65,6.95,6.16,6.34,-6.0741,-17.9819,596983131,39.63
